,,,,,,,,,
url,New Url,H1 Tag,Title,Desc,Keyword, ,IMg URL 2,,
https://www.hsglobalexport.com/,,"Best Marble Furniture, Granite Handcrafted Products Manufacturers and Trusted Global Supplier & Exporter","HS Global Export : Premium Granite & Marble Solutions - Handcrafted Products Manufacturers with Free Delivery | USA | UK
",Hs Global Export – Best marble furniturers offering premium granite & marble solutions. Handcrafted products with free delivery to USA & UK and across world,"Premium Granite Furniture Exporter, Marble Furniture Manufacturer, Italian Onyx Furniture, Indian Marble Furniture Export, Beige and Grey Marble Furniture, Marble Sinks and Tiles Exporter, Global Granite & Marble Supplier, Luxury Marble Furniture, Custom Marble Furniture, High-Quality Marble Tiles Export, Premium Marble Sink Manufacturers, Marble Home Décor Exporter, Natural Stone Furniture Manufacturer, Marble Bathroom Sinks, Granite & Marble Export Worldwide, Onyx Marble Furniture Exporter, Luxury Stone Furniture for Export, Global Supplier of Marble Tiles, High-End Marble Furniture, Wholesale Marble Furniture Exporter.",  , ,,Canonical Tag
https://www.hsglobalexport.com/about,,,"Best Marble Sink, Marble Decor, Granite Sink, Tiles - USA, UK and Across wold wide
","HS Global Export offers premium marble sinks, granite sinks, tiles, and marble décor, supplying high-quality natural stone products across the USA, UK, and worldwide.","About Us, Best Marble Sink, Marble Decor, Granite Sink, Marble Tiles Exporter, Granite Tiles Supplier, Marble Sink Manufacturer, Luxury Marble Decor, Natural Stone Sinks, Premium Granite Sink, Marble Tiles USA, Marble Tiles UK, Granite & Marble Tiles Worldwide, Marble Products Exporter, Global Marble Supplier, Marble & Granite Export Worldwide, High-Quality Marble Tiles, Custom Marble Sink, Stone Decor Manufacturer, International Marble Exporter", , ,,https://www.hsglobalexport.com/
https://www.hsglobalexport.com/products,,"Best Luxury & Imported Marble Stones at Marble, Granite Centre International","Best Marble & Granite Company at USA, UK and Across wold wide - Hs Global Export","Explore our range of premium granite stones, tiles, marble & slabs at Marble Centre. Discover high-quality imported marble, crafted to perfection for various application needs. Custom Order.","Premium Granite Stones, Marble Tiles Supplier, Imported Marble, Marble Slabs Manufacturer, Granite Tiles Exporter, High Quality Marble, Natural Stone Supplier, Custom Marble Orders, Granite Slabs Supplier, Luxury Marble Stones, Marble Centre, Stone Tiles Manufacturer, Marble Flooring Tiles, Granite & Marble Slabs, Premium Natural Stone, Marble for Interior & Exterior, Customized Stone Solutions", , ,,https://www.hsglobalexport.com/about
https://www.hsglobalexport.com/gallery,,,Best Luxury & Imported Marble Stones Galarry - Hs Global Export,"HS Global Export presents a premium gallery of luxury and imported marble stones, offering high-quality natural stone collections crafted for elegant residential and commercial applications worldwide.","Best Luxury Marble Stones, Imported Marble Gallery, Luxury Marble Gallery, Premium Marble Stones, Italian Marble Supplier, Imported Marble Exporter, Marble Stone Gallery, High-End Marble Collection, Natural Stone Gallery, Marble Showroom Exporter, Luxury Stone Supplier, Marble Slabs Gallery, Premium Imported Marble, HS Global Export, Global Marble Exporter, Luxury Italian Marble, Marble Exporter Worldwide, Granite & Tiles Supplier, Imported Marble Exporter, Marble Tiles Manufacturer, Premium Granite Supplier, Marble Export USA, Marble Export UK, Natural Stone Exporter, Luxury Marble Supplier, Italian Marble Export, Global Marble & Granite Supply, HS Global Export", , ,,https://www.hsglobalexport.com/products
https://www.hsglobalexport.com/services,,,,,,,,,https://www.hsglobalexport.com/gallery
https://www.hsglobalexport.com/blog,,,,,,,,,https://www.hsglobalexport.com/services
https://www.hsglobalexport.com/contact,,,,,,,,,https://www.hsglobalexport.com/blog
https://www.hsglobalexport.com/products/furniture/bathtub,,,,,,,,,
https://www.hsglobalexport.com/product/white-marble-bathtub-freestanding-luxury-stone-tub-calacatta-viola-marble-freestanding-bathtub-solid-natural-stone-luxury-tub,https://www.hsglobalexport.com/product/white-marble-bathtub, ,Buy White Marble Bathtub Freestanding Luxury Stone Tub | Calacatta Viola Marble Bath - Hs Global Export,Luxury Calacatta Viola White Marble Freestanding Bathtub – Hand-carved stone tub for premium bathrooms. Exported globally by HS Global. ,"White Marble Bathtub, Freestanding Marble Bathtub, Calacatta Viola Bathtub, Luxury Stone Bathtub, Marble Freestanding Tub, Buy White Marble Freestanding Bathtub, Calacatta Viola Marble Bath, Luxury Stone Freestanding Bathtub, Hand-Carved Marble Bathtub, Natural Stone Freestanding Tub, White Marble Soaking Tub", ,,,
https://www.hsglobalexport.com/product/white-marble-shell-bathtub-luxury-sculptural-soaking-tub,https://www.hsglobalexport.com/product/white-marble-shell-bathtub-luxury-sculptural-soaking-tub, ,White Marble Shell Bathtub – Luxury Sculptural Freestanding Soaking Tub | Natural Stone Bath | HS Global Export,Elegant White Marble Shell Bathtub – a luxury sculptural soaking tub hand-carved from natural stone. Perfect for high-end bathrooms. Exported globally by HS Global.,"White Marble Shell Bathtub, Luxury Sculptural Bathtub, Marble Soaking Tub, Freestanding Shell Bathtub, Natural Stone Bathtub, Hand-Carved Marble Tub, Sculptural Stone Bathtub, White Marble Soaking Tub, Luxury Stone Bath, Shell Shaped Bathtub, Marble Freestanding Tub", ,,,
https://www.hsglobalexport.com/product/calcutta-viola-marble-freestanding-bathtub-solid-natural-stone-luxury-tub-gray-marble-bathtub-freestanding-stone-soaking-tub,https://www.hsglobalexport.com/product/calcutta-viola-marble-freestanding-bathtub-solid-natural-stone, ,,,,,,,
https://www.hsglobalexport.com/product/black-marble-bathtub-freestanding-stone-soaking-tub-custom-size,https://www.hsglobalexport.com/product/black-marble-bathtub-freestanding-stone-soaking-tub, ,,,,,,,
https://www.hsglobalexport.com/product/handmade-natural-white-marble-bathtub-freestanding-oval-stone-tub-luxury-spa-bath-freestanding-luxury-statement-piece,https://www.hsglobalexport.com/product/handmade-natural-white-marble-bathtub-freestanding-oval-stone-tub, ,,,,,,,
https://www.hsglobalexport.com/product/beige-stone-bathtub-freestanding-marble-tub-rustic-carved-oval-bath-handmade-calacatta-viola-marble-bathtub,https://www.hsglobalexport.com/product/beige-stone-bathtub-freestanding-marble-tub-rustic-carved-oval-bath, ,,,,,,,
https://www.hsglobalexport.com/product/beige-marble-bathtub-freestanding-stone-tub-textured-oval-bath-handmade-calacatta-viola-marble-modern-design-bathtub,https://www.hsglobalexport.com/product/beige-marble-bathtub-freestanding-stone-tub-textured-oval-bath-handmade, ,,,,,,,
https://www.hsglobalexport.com/product/handmade-calacatta-viola-marble-bathtub-oval-freestanding-soaking-tub-natural-stone-spa-tub-fully-customizable,https://www.hsglobalexport.com/product/handmade-calacatta-viola-marble-bathtub, ,,,,,,,
,, ,,,,,,,
https://www.hsglobalexport.com/products/furniture/bowl,https://www.hsglobalexport.com/products/furniture/bowl, ,,,,,,,
https://www.hsglobalexport.com/product/handcrafted-floral-carved-marble-bowl-decorative-fruit-dish-natural-stone-centerpiece-luxury-home-d-cor-pack-of-3,https://www.hsglobalexport.com/product/handcrafted-marble-bowl-for-decoration,,,,,,,,
https://www.hsglobalexport.com/product/handcrafted-white-marble-fluted-bowl-elegant-catchall-decor-ring-dish-large-decorative-bowls-pack-of-3,https://www.hsglobalexport.com/product/handcrafted-white-marble-fluted-bowl,  ,,,,,,,
https://www.hsglobalexport.com/product/handcrafted-marble-fluted-ruffle-bowl-scalloped-fruit-bowl-ring-dish-large-decorative-bowls-ideal-gift-pack-of-3,https://www.hsglobalexport.com/product/handcrafted-marble-fluted-ruffle-bowl-scalloped-fruit-bowl, ,,,,,,,
,, ,,,,,,,
https://www.hsglobalexport.com/products/furniture/center-table,https://www.hsglobalexport.com/products/furniture/center-table, ,,,,,,,
https://www.hsglobalexport.com/product/black-marble-coffee-table-modern-stone-block-table-center-table-custom-size,https://www.hsglobalexport.com/product/black-marble-coffee-table-modern-stone, ,,,,,,,
https://www.hsglobalexport.com/product/green-marble-coffee-table-modern-block-stone-center-table-green-center-coffee-table,https://www.hsglobalexport.com/product/green-marble-coffee-table-modern-block-stone-center-table, ,,,,,,,
https://www.hsglobalexport.com/product/green-marble-coffee-table-modern-stone-center-table,https://www.hsglobalexport.com/product/green-marble-coffee-table-modern-stone-center-table, ,,,,,,,
,, ,,,,,,,
https://www.hsglobalexport.com/products/furniture/chaise-chair,https://www.hsglobalexport.com/products/furniture/chaise-chair, ,,,,,,,
https://www.hsglobalexport.com/product/green-marble-lounge-chair-modern-stone-chaise-chair,https://www.hsglobalexport.com/product/green-marble-lounge-chair-modern-stone-chaise-chair, ,,,,,,,
,, ,,,,,,,
https://www.hsglobalexport.com/products/furniture/clock,https://www.hsglobalexport.com/products/furniture/clock, ,,,,,,,
https://www.hsglobalexport.com/product/pebble-stone-wall-clock-natural-rock-decor-home-decoration-mineral-samples-crystal-heal-quartz-clock-stand-by,https://www.hsglobalexport.com/product/pebble-stone-wall-clock-natural-rock-decor-home-decoration, ,,,,,,,
https://www.hsglobalexport.com/product/natural-stone-clock-rustic-rock-table-decor-living-room-decor-handmade-table-stand,https://www.hsglobalexport.com/product/natural-stone-clock-rustic-rock-table-decor-living-room-decor, ,,,,,,,
,, ,,,,,,,
https://www.hsglobalexport.com/products/furniture/coffee-table,https://www.hsglobalexport.com/products/furniture/coffee-table, ,,,,,,,
https://www.hsglobalexport.com/product/vintage-storage-trunk-coffee-table-green-faux-leather-chest,https://www.hsglobalexport.com/product/vintage-storage-trunk-coffee-table-green-faux-leather-chest, ,,,,,,,
https://www.hsglobalexport.com/product/brass-inlay-wooden-coffee-table-vintage-accent-table,https://www.hsglobalexport.com/product/brass-inlay-wooden-coffee-table-vintage-accent-table, ,,,,,,,
https://www.hsglobalexport.com/product/wooden-coffee-table-brass-inlay-rustic-center-table,https://www.hsglobalexport.com/product/wooden-coffee-table-brass-inlay-rustic-center-table, ,,,,,,,
,, ,,,,,,,
https://www.hsglobalexport.com/product/modern-glass-coffee-table-sculptural-wood-base,https://www.hsglobalexport.com/product/modern-glass-coffee-table-sculptural-wood-base, ,,,,,,,
https://www.hsglobalexport.com/product/travertine-coffee-table-modern-sculptural-stone-table,https://www.hsglobalexport.com/product/travertine-coffee-table-modern-sculptural-stone-table, ,,,,,,,
https://www.hsglobalexport.com/product/modern-marble-wave-coffee-table-sculptural-center-table,https://www.hsglobalexport.com/product/modern-marble-wave-coffee-table-sculptural-center-table, ,,,,,,,
,, ,,,,,,,
https://www.hsglobalexport.com/product/travertine-coffee-table-organic-stone-living-room-table,https://www.hsglobalexport.com/product/travertine-coffee-table-organic-stone-living-room-table, ,,,,,,,
https://www.hsglobalexport.com/product/modern-marble-glass-coffee-table-sculptural-living-room-table,https://www.hsglobalexport.com/product/modern-marble-glass-coffee-table-sculptural-living-room-table,  ,,,,,,,
https://www.hsglobalexport.com/product/marble-nesting-coffee-tables-modern-stone-table-set,https://www.hsglobalexport.com/product/marble-nesting-coffee-tables-modern-stone-table-set, ,,,,,,,
,, ,,,,,,,
https://www.hsglobalexport.com/product/travertine-coffee-table-organic-stone-living-room-table,https://www.hsglobalexport.com/product/travertine-coffee-table-organic-stone-living-room-table, ,,,,,,,
https://www.hsglobalexport.com/product/modern-marble-glass-coffee-table-sculptural-living-room-table,https://www.hsglobalexport.com/product/modern-marble-glass-coffee-table-sculptural-living-room-table, ,,,,,,,
https://www.hsglobalexport.com/product/marble-nesting-coffee-tables-modern-stone-table-set,https://www.hsglobalexport.com/product/marble-nesting-coffee-tables-modern-stone-table-set,  ,,,,,,,
,, ,,,,,,,
https://www.hsglobalexport.com/product/red-marble-coffee-table-modern-round-stone-center-table,https://www.hsglobalexport.com/product/red-marble-coffee-table-modern-round-stone-center-table, ,,,,,,,
https://www.hsglobalexport.com/product/oval-marble-coffee-table-modern-stone-living-room-table,https://www.hsglobalexport.com/product/oval-marble-coffee-table-modern-stone-living-room-table, ,,,,,,,
https://www.hsglobalexport.com/product/travertine-coffee-table-tiered-stone-living-room-table,https://www.hsglobalexport.com/product/travertine-coffee-table-tiered-stone-living-room-table,,,,,,,,
,,  ,,,,,,,
https://www.hsglobalexport.com/product/white-marble-coffee-table-round-stone-ball-base-table,https://www.hsglobalexport.com/product/white-marble-coffee-table-round-stone-ball-base-table, ,,,,,,,
https://www.hsglobalexport.com/product/green-marble-coffee-table-geometric-stone-square-table,https://www.hsglobalexport.com/product/green-marble-coffee-table-geometric-stone-square-table, ,,,,,,,
https://www.hsglobalexport.com/product/green-marble-coffee-table-round-stone-living-room-table,https://www.hsglobalexport.com/product/green-marble-coffee-table-round-stone-living-room-table, ,,,,,,,
,, ,,,,,,,
https://www.hsglobalexport.com/product/floral-marble-coffee-table-luxury-stone-center-table,https://www.hsglobalexport.com/product/floral-marble-coffee-table-luxury-stone-center-table, ,,,,,,,
https://www.hsglobalexport.com/product/sculptural-travertine-coffee-table-modern-wave-stone-table,https://www.hsglobalexport.com/product/sculptural-travertine-coffee-table-modern-wave-stone-table, ,,,,,,,
https://www.hsglobalexport.com/product/pink-marble-coffee-table-modern-stone-living-room-table,https://www.hsglobalexport.com/product/pink-marble-coffee-table-modern-stone-living-room-table, ,,,,,,,
,,  ,,,,,,,
https://www.hsglobalexport.com/product/organic-marble-coffee-table-set-sculptural-living-tables,https://www.hsglobalexport.com/product/organic-marble-coffee-table-set-sculptural-living-tables, ,,,,,,,
https://www.hsglobalexport.com/product/white-marble-coffee-table-round-modern-stone-table,https://www.hsglobalexport.com/product/white-marble-coffee-table-round-modern-stone-table, ,,,,,,,
https://www.hsglobalexport.com/product/oval-marble-coffee-table-modern-minimalist-stone-table,https://www.hsglobalexport.com/product/oval-marble-coffee-table-modern-minimalist-stone-table, ,,,,,,,
,, ,,,,,,,
https://www.hsglobalexport.com/product/round-marble-coffee-table-modern-stone-center-table-coffee-table-fully-customize,https://www.hsglobalexport.com/product/round-marble-coffee-table-modern-stone-center-table, ,,,,,,,
https://www.hsglobalexport.com/product/marble-coffee-table-set-modern-nested-stone-tables-onyx-luxury-oval-marble-dining-table-handcrafted-natural-stone,https://www.hsglobalexport.com/product/marble-coffee-table-set-modern-nested-stone-tables, ,,,,,,,
https://www.hsglobalexport.com/product/marble-coffee-table-sculptural-pebble-stone-design-coffee-table-fully-customizable,https://www.hsglobalexport.com/product/marble-coffee-table-sculptural-pebble-stone, ,,,,,,,
,,  ,,,,,,,
https://www.hsglobalexport.com/product/green-marble-round-coffee-table-modern-stone-table,https://www.hsglobalexport.com/product/green-marble-round-coffee-table-modern-stone-table, ,,,,,,,
https://www.hsglobalexport.com/product/white-marble-oval-coffee-table-sculptural-stone-table,https://www.hsglobalexport.com/product/white-marble-oval-coffee-table-sculptural-stone-table,,,,,,,,
https://www.hsglobalexport.com/product/luxury-brown-marble-coffee-table-round-designer-center-table,https://www.hsglobalexport.com/product/luxury-brown-marble-coffee-table-round-designer-center-table,,,,,,,,
,,,,,,,,,
https://www.hsglobalexport.com/product/black-white-marble-coffee-table-modern-round-center-table,https://www.hsglobalexport.com/product/black-white-marble-coffee-table-modern-round-center-table,,,,,,,,
https://www.hsglobalexport.com/product/beige-marble-coffee-table-round-luxury-center-table-modern-center-table-balls-coffee-table,https://www.hsglobalexport.com/product/beige-marble-coffee-table-round-luxury-center-table,,,,,,,,
https://www.hsglobalexport.com/product/green-marble-coffee-table-modern-round-center-table-modern-decor-unique-table-hand-made-decor-custom-size,https://www.hsglobalexport.com/product/green-marble-coffee-table-modern-round-center-table,,,,,,,,
,,,,,,,,,
https://www.hsglobalexport.com/product/round-travertine-coffee-table-with-sphere-base,https://www.hsglobalexport.com/product/round-travertine-coffee-table-with-sphere-base,,,,,,,,
https://www.hsglobalexport.com/product/custom-round-multicolor-marble-coffee-table-with-sculptural-stone-base-travertine-coffee-table-furniture-design-for-living-room,https://www.hsglobalexport.com/product/custom-round-multicolor-marble-coffee-table-with-sculptural-stone,,,,,,,,
https://www.hsglobalexport.com/product/travertine-marble-coffee-table-handmade-sculptural-sphere-base-natural-stone-furniture-design-for-living-room,https://www.hsglobalexport.com/product/travertine-marble-coffee-table-handmade-sculptural-sphere-base,,,,,,,,
,,,,,,,,,
https://www.hsglobalexport.com/product/handmade-black-marble-coffee-table-sculptural-sphere-legs-natural-stone-furniture-design-for-living-room,https://www.hsglobalexport.com/product/handmade-black-marble-coffee-table,,,,,,,,
https://www.hsglobalexport.com/product/custom-round-marble-coffee-table-sculptural-sphere-legs-modern-natural-stone-design-handmade-table-custom-size,https://www.hsglobalexport.com/product/custom-round-marble-coffee-table-sculptural-sphere-legs,,,,,,,,
https://www.hsglobalexport.com/product/sculptural-marble-coffee-table-handmade-natural-stone-furniture-design-for-living-room-organic-stone-center-table,https://www.hsglobalexport.com/product/sculptural-marble-coffee-table-handmade,,,,,,,,
,,,,,,,,,
https://www.hsglobalexport.com/products/furniture/console-table,https://www.hsglobalexport.com/products/furniture/console-table,,,,,,,,
https://www.hsglobalexport.com/product/black-marble-pedestal-sink-modern-sculptural-bathroom-basin,https://www.hsglobalexport.com/product/black-marble-pedestal-sink-modern-sculptural-bathroom-basin,,,,,,,,
https://www.hsglobalexport.com/product/green-marble-console-table-sculptural-arch-design-entry-table,https://www.hsglobalexport.com/product/green-marble-console-table-sculptural-arch-design-entry-table,,,,,,,,
https://www.hsglobalexport.com/product/green-marble-sideboard-cabinet-fluted-luxury-storage-unit,https://www.hsglobalexport.com/product/green-marble-sideboard-cabinet-fluted-luxury-storage-unit,,,,,,,,
,,,,,,,,,
https://www.hsglobalexport.com/product/fluted-marble-pedestal-sink-pink-stone-bathroom-basin,https://www.hsglobalexport.com/product/fluted-marble-pedestal-sink-pink-stone-bathroom-basin,,,,,,,,
https://www.hsglobalexport.com/product/red-marble-coffee-table-modern-round-stone-center-table,https://www.hsglobalexport.com/product/red-marble-coffee-table-modern-round-stone-center-table,,,,,,,,
https://www.hsglobalexport.com/product/carved-marble-pedestal-sink-modern-diamond-pattern-basin,https://www.hsglobalexport.com/product/carved-marble-pedestal-sink-modern-diamond-pattern-basin,,,,,,,,
,,,,,,,,,
https://www.hsglobalexport.com/product/hand-carved-marble-pedestal-sink-luxury-bathroom-basin,https://www.hsglobalexport.com/product/hand-carved-marble-pedestal-sink-luxury-bathroom-basin,,,,,,,,
https://www.hsglobalexport.com/product/oval-marble-coffee-table-modern-stone-living-room-table,https://www.hsglobalexport.com/product/oval-marble-coffee-table-modern-stone-living-room-table,,,,,,,,
https://www.hsglobalexport.com/product/alabaster-marble-table-lamp-modern-sculptural-bedside-light,https://www.hsglobalexport.com/product/alabaster-marble-table-lamp-modern-sculptural-bedside-light,,,,,,,,
,,,,,,,,,
https://www.hsglobalexport.com/product/marble-table-lamp-sculptural-stone-lighting-decor,https://www.hsglobalexport.com/product/marble-table-lamp-sculptural-stone-lighting-decor,,,,,,,,
https://www.hsglobalexport.com/product/travertine-vessel-sink-textured-stone-bathroom-basin,https://www.hsglobalexport.com/product/travertine-vessel-sink-textured-stone-bathroom-basin,,,,,,,,
https://www.hsglobalexport.com/product/white-marble-side-table-spiral-base-modern-accent-table,https://www.hsglobalexport.com/product/white-marble-side-table-spiral-base-modern-accent-table,,,,,,,,
,,,,,,,,,
https://www.hsglobalexport.com/product/vintage-storage-trunk-coffee-table-green-faux-leather-chest,https://www.hsglobalexport.com/product/vintage-storage-trunk-coffee-table-green-faux-leather-chest,,,,,,,,
https://www.hsglobalexport.com/product/brass-inlay-wooden-coffee-table-vintage-accent-table,https://www.hsglobalexport.com/product/brass-inlay-wooden-coffee-table-vintage-accent-table,,,,,,,,
https://www.hsglobalexport.com/product/wooden-coffee-table-brass-inlay-rustic-center-table,https://www.hsglobalexport.com/product/wooden-coffee-table-brass-inlay-rustic-center-table,,,,,,,,
,,,,,,,,,
https://www.hsglobalexport.com/product/modern-glass-coffee-table-sculptural-wood-base,https://www.hsglobalexport.com/product/modern-glass-coffee-table-sculptural-wood-base,,,,,,,,
https://www.hsglobalexport.com/product/travertine-coffee-table-modern-sculptural-stone-table,https://www.hsglobalexport.com/product/travertine-coffee-table-modern-sculptural-stone-table,,,,,,,,
https://www.hsglobalexport.com/product/modern-marble-wave-coffee-table-sculptural-center-table,https://www.hsglobalexport.com/product/modern-marble-wave-coffee-table-sculptural-center-table,,,,,,,,
https://www.hsglobalexport.com/product/travertine-coffee-table-organic-stone-living-room-table,https://www.hsglobalexport.com/product/travertine-coffee-table-organic-stone-living-room-table,,,,,,,,
https://www.hsglobalexport.com/product/modern-marble-glass-coffee-table-sculptural-living-room-table,https://www.hsglobalexport.com/product/modern-marble-glass-coffee-table-sculptural-living-room-table,,,,,,,,
https://www.hsglobalexport.com/product/marble-nesting-coffee-tables-modern-stone-table-set,https://www.hsglobalexport.com/product/marble-nesting-coffee-tables-modern-stone-table-set,,,,,,,,
,,,,,,,,,
https://www.hsglobalexport.com/product/travertine-coffee-table-tiered-stone-living-room-table,https://www.hsglobalexport.com/product/travertine-coffee-table-tiered-stone-living-room-table,,,,,,,,
https://www.hsglobalexport.com/product/white-marble-coffee-table-round-stone-ball-base-table,https://www.hsglobalexport.com/product/white-marble-coffee-table-round-stone-ball-base-table,,,,,,,,
https://www.hsglobalexport.com/product/green-marble-coffee-table-geometric-stone-square-table,https://www.hsglobalexport.com/product/green-marble-coffee-table-geometric-stone-square-table,,,,,,,,
,,,,,,,,,
https://www.hsglobalexport.com/product/green-marble-coffee-table-round-stone-living-room-table,https://www.hsglobalexport.com/product/green-marble-coffee-table-round-stone-living-room-table,,,,,,,,
https://www.hsglobalexport.com/product/floral-marble-coffee-table-luxury-stone-center-table,https://www.hsglobalexport.com/product/floral-marble-coffee-table-luxury-stone-center-table,,,,,,,,
https://www.hsglobalexport.com/product/sculptural-travertine-coffee-table-modern-wave-stone-table,https://www.hsglobalexport.com/product/sculptural-travertine-coffee-table-modern-wave-stone-table,,,,,,,,
,,,,,,,,,
https://www.hsglobalexport.com/product/pink-marble-coffee-table-modern-stone-living-room-table,https://www.hsglobalexport.com/product/pink-marble-coffee-table-modern-stone-living-room-table,,,,,,,,
https://www.hsglobalexport.com/product/organic-marble-coffee-table-set-sculptural-living-tables,https://www.hsglobalexport.com/product/organic-marble-coffee-table-set-sculptural-living-tables,,,,,,,,
https://www.hsglobalexport.com/product/white-marble-coffee-table-round-modern-stone-table,https://www.hsglobalexport.com/product/white-marble-coffee-table-round-modern-stone-table,,,,,,,,
,,,,,,,,,
https://www.hsglobalexport.com/product/oval-marble-coffee-table-modern-minimalist-stone-table,https://www.hsglobalexport.com/product/oval-marble-coffee-table-modern-minimalist-stone-table,,,,,,,,
https://www.hsglobalexport.com/product/round-marble-coffee-table-modern-stone-center-table-coffee-table-fully-customize,https://www.hsglobalexport.com/product/round-marble-coffee-table-modern-stone,,,,,,,,
https://www.hsglobalexport.com/product/marble-coffee-table-set-modern-nested-stone-tables-onyx-luxury-oval-marble-dining-table-handcrafted-natural-stone,https://www.hsglobalexport.com/product/marble-coffee-table-set-modern-nested-stone-tables,,,,,,,,
,,,,,,,,,
https://www.hsglobalexport.com/product/marble-coffee-table-sculptural-pebble-stone-design-coffee-table-fully-customizable,https://www.hsglobalexport.com/product/marble-coffee-table-sculptural-pebble-stone,,,,,,,,
https://www.hsglobalexport.com/product/green-marble-round-coffee-table-modern-stone-table,https://www.hsglobalexport.com/product/green-marble-round-coffee-table-modern-stone-table,,,,,,,,
https://www.hsglobalexport.com/product/white-marble-oval-coffee-table-sculptural-stone-table,https://www.hsglobalexport.com/product/white-marble-oval-coffee-table-sculptural-stone-table,,,,,,,,
,,,,,,,,,
https://www.hsglobalexport.com/product/luxury-brown-marble-coffee-table-round-designer-center-table,https://www.hsglobalexport.com/product/luxury-brown-marble-coffee-table-round-designer-center-table,,,,,,,,
https://www.hsglobalexport.com/product/black-white-marble-coffee-table-modern-round-center-table,https://www.hsglobalexport.com/product/black-white-marble-coffee-table-modern-round-center-table,,,,,,,,
https://www.hsglobalexport.com/product/beige-marble-coffee-table-round-luxury-center-table-modern-center-table-balls-coffee-table,https://www.hsglobalexport.com/product/beige-marble-coffee-table-round-luxury-center-table,,,,,,,,
,,,,,,,,,
https://www.hsglobalexport.com/product/green-marble-coffee-table-modern-round-center-table-modern-decor-unique-table-hand-made-decor-custom-size,https://www.hsglobalexport.com/product/green-marble-coffee-table-modern-round-center-table,,,,,,,,
https://www.hsglobalexport.com/product/round-travertine-coffee-table-with-sphere-base,https://www.hsglobalexport.com/product/round-travertine-coffee-table-with-sphere-base,,,,,,,,
https://www.hsglobalexport.com/product/custom-round-multicolor-marble-coffee-table-with-sculptural-stone-base-travertine-coffee-table-furniture-design-for-living-room,https://www.hsglobalexport.com/product/custom-round-multicolor-marble-coffee-table,,,,,,,,
,,,,,,,,,
https://www.hsglobalexport.com/product/travertine-marble-coffee-table-handmade-sculptural-sphere-base-natural-stone-furniture-design-for-living-room,https://www.hsglobalexport.com/product/travertine-marble-coffee-table-handmade-sculptural,,,,,,,,
https://www.hsglobalexport.com/product/handmade-black-marble-coffee-table-sculptural-sphere-legs-natural-stone-furniture-design-for-living-room,https://www.hsglobalexport.com/product/handmade-black-marble-coffee-table,,,,,,,,
https://www.hsglobalexport.com/product/custom-round-marble-coffee-table-sculptural-sphere-legs-modern-natural-stone-design-handmade-table-custom-size,https://www.hsglobalexport.com/product/custom-round-marble-coffee-table-sculptural-sphere-legs,,,,,,,,
https://www.hsglobalexport.com/product/sculptural-marble-coffee-table-handmade-natural-stone-furniture-design-for-living-room-organic-stone-center-table,https://www.hsglobalexport.com/product/sculptural-marble-coffee-table-handmade-natural-stone,,,,,,,,
,,,,,,,,,
https://www.hsglobalexport.com/products/furniture/dining-table,https://www.hsglobalexport.com/products/furniture/dining-table,,,,,,,,
https://www.hsglobalexport.com/product/marble-arch-console-table-modern-stone-entryway-table-fully-customized,https://www.hsglobalexport.com/product/marble-arch-console-table-modern-stone-entryway-table,,,,,,,,
https://www.hsglobalexport.com/product/green-marble-console-table-modern-stone-entryway-table-handcrafted-statement-furniture,https://www.hsglobalexport.com/product/green-marble-console-table-modern-stone-entryway-table,,,,,,,,
https://www.hsglobalexport.com/product/marble-arch-console-table-modern-stone-entryway-table-fully-customization,https://www.hsglobalexport.com/product/marble-arch-console-table-modern-stone-entryway-table,,,,,,,,
https://www.hsglobalexport.com/product/marble-console-table-modern-entryway-stone-table-modern-entryway-living-room,https://www.hsglobalexport.com/product/marble-console-table-modern-entryway-stone-table,,,,,,,,
https://www.hsglobalexport.com/product/modern-marble-dining-table-white-stone-with-black-veining-luxury-pedaaaestal-base,https://www.hsglobalexport.com/product/modern-marble-dining-table-white-stone-with-black-veining,,,,,,,,
,,,,,,,,,
https://www.hsglobalexport.com/product/travertine-dining-table-oval-stone-pedestal-table,https://www.hsglobalexport.com/product/travertine-dining-table-oval-stone-pedestal-table,,,,,,,,
https://www.hsglobalexport.com/product/round-travertine-dining-table-modern-stone-pedestal-table,https://www.hsglobalexport.com/product/round-travertine-dining-table-modern-stone-pedestal-table,,,,,,,,
https://www.hsglobalexport.com/product/modern-marble-dining-table-luxury-stone-dining-table,https://www.hsglobalexport.com/product/modern-marble-dining-table-luxury-stone-dining-table,,,,,,,,
,,,,,,,,,
https://www.hsglobalexport.com/product/pink-marble-dining-table-modern-oval-stone-table,https://www.hsglobalexport.com/product/pink-marble-dining-table-modern-oval-stone-table,,,,,,,,
https://www.hsglobalexport.com/product/oval-marble-dining-table-luxury-stone-dining-table,https://www.hsglobalexport.com/product/oval-marble-dining-table-luxury-stone-dining-table,,,,,,,,
https://www.hsglobalexport.com/product/travertine-oval-coffee-table-for-living-room-dining-fluted-base-table-japandi-table-wooden-low-table-minimalist-furniture,https://www.hsglobalexport.com/product/travertine-oval-coffee-table-for-living-room,,,,,,,,
,,,,,,,,,
https://www.hsglobalexport.com/product/round-travertine-dining-table-sculptural-stone-base-organic-modern-furniture-handmade-natural-stone-table,https://www.hsglobalexport.com/product/round-travertine-dining-table-sculptural-stone-base-organic-modern-furniture,,,,,,,,
https://www.hsglobalexport.com/product/post-done,https://www.hsglobalexport.com/product/post-done,,,,,,,,
,,,,,,,,,
https://www.hsglobalexport.com/products/furniture/lamp,https://www.hsglobalexport.com/products/furniture/lamp,,,,,,,,
https://www.hsglobalexport.com/product/marble-table-lamp-modern-sculptural-bedroom-lighting,https://www.hsglobalexport.com/product/marble-table-lamp-modern-sculptural-bedroom-lighting,,,,,,,,
https://www.hsglobalexport.com/product/brown-marble-table-lamp-modern-bedside-lighting,https://www.hsglobalexport.com/product/brown-marble-table-lamp-modern-bedside-lighting,,,,,,,,
https://www.hsglobalexport.com/product/travertine-mushroom-table-lamp-organic-stone-lighting,https://www.hsglobalexport.com/product/travertine-mushroom-table-lamp-organic-stone-lighting,,,,,,,,
,,,,,,,,,
https://www.hsglobalexport.com/product/alabaster-marble-table-lamp-modern-sculptural-bedside-light,https://www.hsglobalexport.com/product/alabaster-marble-table-lamp-modern-sculptural-bedside-light,,,,,,,,
https://www.hsglobalexport.com/product/marble-table-lamp-sculptural-stone-lighting-decor,https://www.hsglobalexport.com/product/marble-table-lamp-sculptural-stone-lighting-decor,,,,,,,,
https://www.hsglobalexport.com/product/custom-white-marble-table-lamp-fabric-shade-modern-bedside-lamp-elegant-lighting,https://www.hsglobalexport.com/product/custom-white-marble-table-lamp-fabric-shade,,,,,,,,
,,,,,,,,,
https://www.hsglobalexport.com/product/natural-alabaster-table-lamp-luxury-marble-lamp-warm-ambient-bedside-lighting-fluted-cream-stone-table-lamp,https://www.hsglobalexport.com/product/natural-alabaster-table-lamp-luxury-marble-lamp,,,,,,,,
https://www.hsglobalexport.com/product/alabaster-marble-table-lamp-custom-luxury-white-marbling-table-lamp-base-handmade-beautiful-solid-marble-stone-custom-size,https://www.hsglobalexport.com/product/alabaster-marble-table-lamp-custom-luxury-white-marbling-table-lamp,,,,,,,,
,,,,,,,,,
https://www.hsglobalexport.com/products/furniture/mirror-frame,https://www.hsglobalexport.com/products/furniture/mirror-frame,,,,,,,,
https://www.hsglobalexport.com/product/hand-printed-neon-cartoon-mirror-frame-gen-z-decor-wave-mirror-neon-sign-custom-size,https://www.hsglobalexport.com/product/hand-printed-neon-cartoon-mirror-frame-gen-z-decor-wave-mirror,,,,,,,,
https://www.hsglobalexport.com/product/marble-full-length-mirror-wavy-frame-floor-mirror-silver-framed-asymmetrical-full-length-floor-mirror-modern-home-decor,https://www.hsglobalexport.com/product/marble-full-length-mirror-wavy-frame-floor-mirror-silver-framed,,,,,,,,
https://www.hsglobalexport.com/product/leaf-carved-marble-floor-mirror-pink-stone-full-length-mirror,https://www.hsglobalexport.com/product/leaf-carved-marble-floor-mirror-pink-stone-full-length-mirror,,,,,,,,
,,,,,,,,,
https://www.hsglobalexport.com/products/furniture/pedestal-sink,https://www.hsglobalexport.com/products/furniture/pedestal-sink,,,,,,,,
https://www.hsglobalexport.com/product/black-marble-pedestal-sink-modern-sculptural-bathroom-basin,https://www.hsglobalexport.com/product/black-marble-pedestal-sink-modern-sculptural-bathroom-basin,,,,,,,,
https://www.hsglobalexport.com/product/fluted-marble-pedestal-sink-pink-stone-bathroom-basin,https://www.hsglobalexport.com/product/fluted-marble-pedestal-sink-pink-stone-bathroom-basin,,,,,,,,
https://www.hsglobalexport.com/product/carved-marble-pedestal-sink-modern-diamond-pattern-basin,https://www.hsglobalexport.com/product/carved-marble-pedestal-sink-modern-diamond-pattern-basin,,,,,,,,
,,,,,,,,,
https://www.hsglobalexport.com/product/hand-carved-marble-pedestal-sink-luxury-bathroom-basin,https://www.hsglobalexport.com/product/hand-carved-marble-pedestal-sink-luxury-bathroom-basin,,,,,,,,
https://www.hsglobalexport.com/product/fluted-marble-pedestal-sink-beige-stone-bathroom-basin,https://www.hsglobalexport.com/product/fluted-marble-pedestal-sink-beige-stone-bathroom-basin,,,,,,,,
https://www.hsglobalexport.com/product/organic-marble-pedestal-sink-sculptural-bathroom-basin,https://www.hsglobalexport.com/product/organic-marble-pedestal-sink-sculptural-bathroom-basin,,,,,,,,
,,,,,,,,,
https://www.hsglobalexport.com/product/white-marble-pedestal-sink-modern-round-basin,https://www.hsglobalexport.com/product/white-marble-pedestal-sink-modern-round-basin,,,,,,,,
https://www.hsglobalexport.com/product/freestanding-marble-pedestal-sink-sculptural-stone-basin,https://www.hsglobalexport.com/product/freestanding-marble-pedestal-sink-sculptural-stone-basin,,,,,,,,
https://www.hsglobalexport.com/product/marble-pedestal-sink-sculptural-stone-wash-basin,https://www.hsglobalexport.com/product/marble-pedestal-sink-sculptural-stone-wash-basin,,,,,,,,
,,,,,,,,,
https://www.hsglobalexport.com/product/white-marble-pedestal-sink-textured-stone-basin-natural-stone-bathroom-sink-wash-basin-fully-customize,https://www.hsglobalexport.com/product/white-marble-pedestal-sink-textured-stone-basin,,,,,,,,
https://www.hsglobalexport.com/product/white-marble-pedestal-sink-fluted-stone-basin-fully-customize,https://www.hsglobalexport.com/product/white-marble-pedestal-sink-fluted-stone-basin-fully-customize,,,,,,,,
https://www.hsglobalexport.com/product/green-marble-pedestal-sink-modern-stone-wash-basin-luxurious-bathroom-decoration-fully-customize,https://www.hsglobalexport.com/product/green-marble-pedestal-sink-modern-stone-wash-basin-luxurious-bathroom,,,,,,,,
https://www.hsglobalexport.com/product/marble-pedestal-sink-modern-bathroom-wash-basin-round-wash-basin-fully-customize,https://www.hsglobalexport.com/product/marble-pedestal-sink-modern-bathroom-wash-basin-round-wash-basin,,,,,,,,
https://www.hsglobalexport.com/product/luxury-marble-pedestal-sink-modern-bathroom-basin-bathroom-sink-marble-washbasin-natural-stone-custom-size,https://www.hsglobalexport.com/product/luxury-marble-pedestal-sink-modern-bathroom-basin-bathroom-sink-marble,,,,,,,,
,,,,,,,,,
https://www.hsglobalexport.com/products/furniture/side-table,https://www.hsglobalexport.com/products/furniture/side-table,,,,,,,,
https://www.hsglobalexport.com/product/round-wooden-coffee-table-brass-inlay-accent-table,https://www.hsglobalexport.com/product/round-wooden-coffee-table-brass-inlay-accent-table,,,,,,,,
https://www.hsglobalexport.com/product/green-marble-side-table-fluted-stone-accent-table,https://www.hsglobalexport.com/product/green-marble-side-table-fluted-stone-accent-table,,,,,,,,
https://www.hsglobalexport.com/product/marble-brass-side-table-modern-accent-end-table,https://www.hsglobalexport.com/product/marble-brass-side-table-modern-accent-end-table,,,,,,,,
,,,,,,,,,
https://www.hsglobalexport.com/product/clover-marble-side-table-luxury-stone-accent-table,https://www.hsglobalexport.com/product/clover-marble-side-table-luxury-stone-accent-table,,,,,,,,
https://www.hsglobalexport.com/product/red-marble-side-table-modern-pedestal-accent-table,https://www.hsglobalexport.com/product/red-marble-side-table-modern-pedestal-accent-table,,,,,,,,
https://www.hsglobalexport.com/product/red-marble-side-table-modern-stone-accent-table,https://www.hsglobalexport.com/product/red-marble-side-table-modern-stone-accent-table,,,,,,,,
,,,,,,,,,
https://www.hsglobalexport.com/product/modern-marble-spiral-side-table-sculptural-accent-table,https://www.hsglobalexport.com/product/modern-marble-spiral-side-table-sculptural-accent-table,,,,,,,,
https://www.hsglobalexport.com/product/modern-marble-c-shape-side-table-minimal-accent-table,https://www.hsglobalexport.com/product/modern-marble-c-shape-side-table-minimal-accent-table,,,,,,,,
https://www.hsglobalexport.com/product/modern-black-marble-pedestal-side-table,https://www.hsglobalexport.com/product/modern-black-marble-pedestal-side-table,,,,,,,,
,,,,,,,,,
https://www.hsglobalexport.com/product/black-marble-side-table-modern-round-accent-table,https://www.hsglobalexport.com/product/black-marble-side-table-modern-round-accent-table,,,,,,,,
https://www.hsglobalexport.com/product/red-marble-accent-side-table-sculptural-design,https://www.hsglobalexport.com/product/red-marble-accent-side-table-sculptural-design,,,,,,,,
https://www.hsglobalexport.com/product/modern-red-marble-pedestal-side-table,https://www.hsglobalexport.com/product/modern-red-marble-pedestal-side-table,,,,,,,,
,,,,,,,,,
https://www.hsglobalexport.com/product/red-marble-side-table-modern-round-accent-table,https://www.hsglobalexport.com/product/red-marble-side-table-modern-round-accent-table,,,,,,,,
https://www.hsglobalexport.com/product/round-marble-side-table-minimalist-stone-accent-table,https://www.hsglobalexport.com/product/round-marble-side-table-minimalist-stone-accent-table,,,,,,,,
https://www.hsglobalexport.com/product/modern-travertine-side-table-red-accent-end-table,https://www.hsglobalexport.com/product/modern-travertine-side-table-red-accent-end-table,,,,,,,,
https://www.hsglobalexport.com/product/green-marble-pedestal-side-table-sculptural-accent-table,https://www.hsglobalexport.com/product/green-marble-pedestal-side-table-sculptural-accent-table,,,,,,,,
,,,,,,,,,
https://www.hsglobalexport.com/product/green-marble-side-table-minimalist-stone-accent-table,https://www.hsglobalexport.com/product/green-marble-side-table-minimalist-stone-accent-table,,,,,,,,
https://www.hsglobalexport.com/product/white-marble-side-table-spiral-base-modern-accent-table,https://www.hsglobalexport.com/product/white-marble-side-table-spiral-base-modern-accent-table,,,,,,,,
https://www.hsglobalexport.com/product/green-marble-side-table-sculptural-pedestal-accent-table,https://www.hsglobalexport.com/product/green-marble-side-table-sculptural-pedestal-accent-table,,,,,,,,
,,,,,,,,,
https://www.hsglobalexport.com/product/green-marble-side-table-sculptural-stone-accent-table,https://www.hsglobalexport.com/product/green-marble-side-table-sculptural-stone-accent-table,,,,,,,,
https://www.hsglobalexport.com/product/handcrafted-marble-side-table-sculptural-pedestal-table,https://www.hsglobalexport.com/product/handcrafted-marble-side-table-sculptural-pedestal-table,,,,,,,,
https://www.hsglobalexport.com/product/sculptural-marble-side-table-modern-stone-pedestal,https://www.hsglobalexport.com/product/sculptural-marble-side-table-modern-stone-pedestal,,,,,,,,
,,,,,,,,,
https://www.hsglobalexport.com/product/modern-marble-side-table-luxury-stone-accent-table,https://www.hsglobalexport.com/product/modern-marble-side-table-luxury-stone-accent-table,,,,,,,,
https://www.hsglobalexport.com/product/modern-marble-side-table-minimalist-stone-end-table,https://www.hsglobalexport.com/product/modern-marble-side-table-minimalist-stone-end-table,,,,,,,,
https://www.hsglobalexport.com/product/floral-marble-side-table-luxury-stone-accent-table,https://www.hsglobalexport.com/product/floral-marble-side-table-luxury-stone-accent-table,,,,,,,,
,,,,,,,,,
https://www.hsglobalexport.com/product/modern-travertine-side-table-geometric-stone-accent-table,https://www.hsglobalexport.com/product/modern-travertine-side-table-geometric-stone-accent-table,,,,,,,,
https://www.hsglobalexport.com/product/marble-side-table-modern-stone-nightstand-accent-table,https://www.hsglobalexport.com/product/marble-side-table-modern-stone-nightstand-accent-table,,,,,,,,
https://www.hsglobalexport.com/product/black-marble-pedestal-side-table-luxury-accent-table,https://www.hsglobalexport.com/product/black-marble-pedestal-side-table-luxury-accent-table,,,,,,,,
,,,,,,,,,
https://www.hsglobalexport.com/product/round-travertine-side-table-modern-stone-accent-table,https://www.hsglobalexport.com/product/round-travertine-side-table-modern-stone-accent-table,,,,,,,,
https://www.hsglobalexport.com/product/modern-travertine-side-table-wood-accent-end-table,https://www.hsglobalexport.com/product/modern-travertine-side-table-wood-accent-end-table,,,,,,,,
https://www.hsglobalexport.com/product/modern-marble-side-table-minimalist-z-shape-accent-table,https://www.hsglobalexport.com/product/modern-marble-side-table-minimalist-z-shape-accent-table,,,,,,,,
,,,,,,,,,
https://www.hsglobalexport.com/product/organic-marble-coffee-table-natural-edge-stone-table,https://www.hsglobalexport.com/product/organic-marble-coffee-table-natural-edge-stone-table,,,,,,,,
https://www.hsglobalexport.com/product/marble-side-table-modern-accent-table-black-stone-top,https://www.hsglobalexport.com/product/marble-side-table-modern-accent-table-black-stone-top,,,,,,,,
https://www.hsglobalexport.com/product/green-marble-console-table-modern-entryway-accent-table,https://www.hsglobalexport.com/product/green-marble-console-table-modern-entryway-accent-table,,,,,,,,
https://www.hsglobalexport.com/product/green-marble-side-table-modern-accent-end-table,https://www.hsglobalexport.com/product/green-marble-side-table-modern-accent-end-table,,,,,,,,
https://www.hsglobalexport.com/product/twisted-marble-side-table-modern-sculptural-accent-table,https://www.hsglobalexport.com/product/twisted-marble-side-table-modern-sculptural-accent-table,,,,,,,,
https://www.hsglobalexport.com/product/marble-cluster-side-table-sculptural-modern-accent-table,https://www.hsglobalexport.com/product/marble-cluster-side-table-sculptural-modern-accent-table,,,,,,,,
https://www.hsglobalexport.com/product/marble-side-table-modern-sculptural-cylinder-accent-table,https://www.hsglobalexport.com/product/marble-side-table-modern-sculptural-cylinder-accent-table,,,,,,,,
https://www.hsglobalexport.com/product/green-marble-fluted-side-table-modern-stone-accent-table,https://www.hsglobalexport.com/product/green-marble-fluted-side-table-modern-stone-accent-table,,,,,,,,
,,,,,,,,,
https://www.hsglobalexport.com/product/green-marble-side-table-modern-sculptural-accent-table,https://www.hsglobalexport.com/product/green-marble-side-table-modern-sculptural-accent-table,,,,,,,,
https://www.hsglobalexport.com/product/beige-marble-side-table-round-stone-pedestal-table,https://www.hsglobalexport.com/product/beige-marble-side-table-round-stone-pedestal-table,,,,,,,,
https://www.hsglobalexport.com/product/travertine-round-side-table-minimal-stone-pedestal,https://www.hsglobalexport.com/product/travertine-round-side-table-minimal-stone-pedestal,,,,,,,,
https://www.hsglobalexport.com/product/travertine-side-table-sculptural-stone-accent-table,https://www.hsglobalexport.com/product/travertine-side-table-sculptural-stone-accent-table,,,,,,,,
,,,,,,,,,
https://www.hsglobalexport.com/product/green-marble-side-table-modern-stone-accent-table,https://www.hsglobalexport.com/product/green-marble-side-table-modern-stone-accent-table,,,,,,,,
https://www.hsglobalexport.com/product/black-marble-side-table-modern-sculptural-accent-table,https://www.hsglobalexport.com/product/black-marble-side-table-modern-sculptural-accent-table,,,,,,,,
https://www.hsglobalexport.com/product/black-marble-side-table-sculptural-modern-accent-table,https://www.hsglobalexport.com/product/black-marble-side-table-sculptural-modern-accent-table,,,,,,,,
,,,,,,,,,
https://www.hsglobalexport.com/product/black-marble-side-table-modern-round-stone-accent-table,https://www.hsglobalexport.com/product/black-marble-side-table-modern-round-stone-accent-table,,,,,,,,
https://www.hsglobalexport.com/product/gray-marble-side-table-sculptural-stone-accent-table,https://www.hsglobalexport.com/product/gray-marble-side-table-sculptural-stone-accent-table,,,,,,,,
,,,,,,,,,
https://www.hsglobalexport.com/product/black-white-marble-side-table-geometric-accent-table,https://www.hsglobalexport.com/product/black-white-marble-side-table-geometric-accent-table,,,,,,,,
https://www.hsglobalexport.com/product/green-marble-side-table-round-stone-accent-table,https://www.hsglobalexport.com/product/green-marble-side-table-round-stone-accent-table,,,,,,,,
https://www.hsglobalexport.com/product/white-marble-side-table-modern-sculptural-accent-table,https://www.hsglobalexport.com/product/white-marble-side-table-modern-sculptural-accent-table,,,,,,,,
,,,,,,,,,
https://www.hsglobalexport.com/product/travertine-side-table-modern-stone-bedside-table-handmade-fully-customize,https://www.hsglobalexport.com/product/travertine-side-table-modern-stone-bedside-table-handmade-fully-customize,,,,,,,,
https://www.hsglobalexport.com/product/marble-side-table-modern-stone-end-table-decor,https://www.hsglobalexport.com/product/marble-side-table-modern-stone-end-table-decor,,,,,,,,
https://www.hsglobalexport.com/product/custom-stone-cone-pedestal-table-handmade-marble-side-table-modern-living-room-travertine-natural-stone-tapered-base,https://www.hsglobalexport.com/product/custom-stone-cone-pedestal-table-handmade-marble-side-table,,,,,,,,
https://www.hsglobalexport.com/product/handmade-scalloped-marble-side-table-modern-round-accent-table-natural-stone-and-timeless-shapes-custom-size,https://www.hsglobalexport.com/product/handmade-scalloped-marble-side-table-modern-round-accent-table,,,,,,,,
,,,,,,,,,
https://www.hsglobalexport.com/product/white-onyx-coffee-table-custom-fluted-pedestal-table-handmade-natural-stone-luxury-home-d-cor-custom-size,https://www.hsglobalexport.com/product/white-onyx-coffee-table-custom-fluted-pedestal-table-handmade,,,,,,,,
https://www.hsglobalexport.com/product/custom-handmade-white-marble-pedestal-side-table-modern-round-stone-end-table-custom-size-available,https://www.hsglobalexport.com/product/custom-handmade-white-marble-pedestal-side-table-modern-round-stone-end-table,,,,,,,,
https://www.hsglobalexport.com/product/handmade-white-marble-side-table-sculptural-stone-end-table-stone-coffee-table-modern-decor-hand-made-decor-20x20-table,https://www.hsglobalexport.com/product/handmade-white-marble-side-table-sculptural-stone-end-table-stone-coffee-table,,,,,,,,
,,,,,,,,,
https://www.hsglobalexport.com/product/travertine-vessel-sink-textured-stone-bathroom-basin,https://www.hsglobalexport.com/product/travertine-vessel-sink-textured-stone-bathroom-basin,,,,,,,,
https://www.hsglobalexport.com/product/green-marble-vessel-sink-oval-bathroom-stone-basin,https://www.hsglobalexport.com/product/green-marble-vessel-sink-oval-bathroom-stone-basin,,,,,,,,
https://www.hsglobalexport.com/product/sculptural-marble-face-sink-artistic-bathroom-vessel-basin,https://www.hsglobalexport.com/product/sculptural-marble-face-sink-artistic-bathroom-vessel-basin,,,,,,,,
,,,,,,,,,
https://www.hsglobalexport.com/product/handcrafted-marble-vessel-sink-modern-bathroom-basin,https://www.hsglobalexport.com/product/handcrafted-marble-vessel-sink-modern-bathroom-basin,,,,,,,,
https://www.hsglobalexport.com/product/red-travertine-pedestal-sink-modern-stone-bathroom-basin,https://www.hsglobalexport.com/product/red-travertine-pedestal-sink-modern-stone-bathroom-basin,,,,,,,,
https://www.hsglobalexport.com/product/white-marble-vessel-sink-carved-bathroom-basin,https://www.hsglobalexport.com/product/white-marble-vessel-sink-carved-bathroom-basin,,,,,,,,
,,,,,,,,,
https://www.hsglobalexport.com/product/white-marble-ripple-vessel-sink-artistic-basin,https://www.hsglobalexport.com/product/white-marble-ripple-vessel-sink-artistic-basin,,,,,,,,
https://www.hsglobalexport.com/product/red-marble-vessel-sink-oval-stone-bathroom-basin,https://www.hsglobalexport.com/product/red-marble-vessel-sink-oval-stone-bathroom-basin,,,,,,,,
https://www.hsglobalexport.com/product/black-marble-vessel-sink-round-stone-bathroom-basin,https://www.hsglobalexport.com/product/black-marble-vessel-sink-round-stone-bathroom-basin,,,,,,,,
,,,,,,,,,
https://www.hsglobalexport.com/product/faceted-marble-vessel-sink-geometric-bathroom-basin,https://www.hsglobalexport.com/product/faceted-marble-vessel-sink-geometric-bathroom-basin,,,,,,,,
https://www.hsglobalexport.com/product/round-marble-vessel-sink-modern-stone-bathroom-basin,https://www.hsglobalexport.com/product/round-marble-vessel-sink-modern-stone-bathroom-basin,,,,,,,,
https://www.hsglobalexport.com/product/natural-marble-rock-sink-rustic-stone-vessel-basin,https://www.hsglobalexport.com/product/natural-marble-rock-sink-rustic-stone-vessel-basin,,,,,,,,
,,,,,,,,,
https://www.hsglobalexport.com/product/rectangular-marble-sink-modern-stone-bathroom-basin,https://www.hsglobalexport.com/product/rectangular-marble-sink-modern-stone-bathroom-basin,,,,,,,,
https://www.hsglobalexport.com/product/fluted-marble-vessel-sink-round-stone-wash-basin,https://www.hsglobalexport.com/product/fluted-marble-vessel-sink-round-stone-wash-basin,,,,,,,,
https://www.hsglobalexport.com/product/green-marble-rectangular-vessel-sink-fluted-stone-basin,https://www.hsglobalexport.com/product/green-marble-rectangular-vessel-sink-fluted-stone-basin,,,,,,,,
,,,,,,,,,
https://www.hsglobalexport.com/product/fluted-marble-vessel-sink-round-stone-bathroom-basin,https://www.hsglobalexport.com/product/fluted-marble-vessel-sink-round-stone-bathroom-basin,,,,,,,,
https://www.hsglobalexport.com/product/organic-marble-sink-natural-edge-stone-vessel-basin,https://www.hsglobalexport.com/product/organic-marble-sink-natural-edge-stone-vessel-basin,,,,,,,,
https://www.hsglobalexport.com/product/green-marble-vessel-sink-round-stone-bathroom-basin,https://www.hsglobalexport.com/product/green-marble-vessel-sink-round-stone-bathroom-basin,,,,,,,,
,,,,,,,,,
https://www.hsglobalexport.com/product/hand-carved-marble-flower-sink-luxury-vessel-basin,https://www.hsglobalexport.com/product/hand-carved-marble-flower-sink-luxury-vessel-basin,,,,,,,,
https://www.hsglobalexport.com/product/marble-flower-vessel-sink-hand-carved-stone-basin,https://www.hsglobalexport.com/product/marble-flower-vessel-sink-hand-carved-stone-basin,,,,,,,,
https://www.hsglobalexport.com/product/green-marble-vessel-sink-round-stone-basin,https://www.hsglobalexport.com/product/green-marble-vessel-sink-round-stone-basin,,,,,,,,
,,,,,,,,,
https://www.hsglobalexport.com/product/carved-marble-vessel-sink-decorative-round-basin,https://www.hsglobalexport.com/product/carved-marble-vessel-sink-decorative-round-basin,,,,,,,,
https://www.hsglobalexport.com/product/beige-marble-vessel-sink-rectangular-stone-basin,https://www.hsglobalexport.com/product/beige-marble-vessel-sink-rectangular-stone-basin,,,,,,,,
https://www.hsglobalexport.com/product/rectangular-marble-sink-fluted-stone-vessel-basin,https://www.hsglobalexport.com/product/rectangular-marble-sink-fluted-stone-vessel-basin,,,,,,,,
,,,,,,,,,
https://www.hsglobalexport.com/product/luxury-red-marble-fluted-sink-handcrafted-stone-basin-for-bathroom-or-powder-room-stone-vessel-sink,https://www.hsglobalexport.com/product/luxury-red-marble-fluted-sink-handcrafted-stone-basin-for-bathroom,,,,,,,,
https://www.hsglobalexport.com/product/handcrafted-white-marble-vessel-sink-modern-design-organic-shape-bathroom-basin-natural-stone-washbasin,https://www.hsglobalexport.com/product/handcrafted-white-marble-vessel-sink-bathroom-basin,,,,,,,,
https://www.hsglobalexport.com/product/handcrafted-round-marble-vessel-sink-italian-marble-fluted-ring-design-basin,https://www.hsglobalexport.com/product/handcrafted-round-marble-vessel-sink-italian-marble-fluted-ring-design-basin,,,,,,,,
,,,,,,,,,
https://www.hsglobalexport.com/product/handcrafted-makarana-pink-marble-vessel-sink-rustic-stone-basin-luxury-stone-bathroom-vanity,https://www.hsglobalexport.com/product/handcrafted-makarana-pink-marble-vessel-sink-rustic-stone-basin,,,,,,,,
https://www.hsglobalexport.com/product/handmade-fluted-marble-vessel-sink-modern-living-room-design-custom-flower-shape-bathroom-basin,https://www.hsglobalexport.com/product/handmade-fluted-marble-vessel-sink-modern-living-room-design,,,,,,,,
https://www.hsglobalexport.com/product/handmade-custom-natural-marble-vessel-sink-luxury-round-organic-stone-bathroom-basin,https://www.hsglobalexport.com/product/handmade-custom-natural-marble-vessel-sink-luxury-round-organic-stone,,,,,,,,
,,,,,,,,,
https://www.hsglobalexport.com/products/furniture/tree-sculpture,https://www.hsglobalexport.com/products/furniture/tree-sculpture,,,,,,,,
https://www.hsglobalexport.com/products/furniture/vase,https://www.hsglobalexport.com/products/furniture/vase,,,,,,,,
https://www.hsglobalexport.com/product/handmad-classic-marble-urn-vase-decorative-accent-onyx-memory-token-natural-marble-cremation-urn,https://www.hsglobalexport.com/product/handmad-classic-marble-urn-vase-decorative-accent-onyx-memory,,,,,,,,
, ,,,,,,,,