"Cat","Product","Name"
"3 Sphere Balls Table","Emerald Green Marble Coffee Table","Gemini_Generated_Image_xeq5g8xeq5g8xeq5.png"
"3 Sphere Balls Table","Emerald Green Marble Coffee Table","Screenshot 2026-03-19 132931 (1).png"
"3 Sphere Balls Table","Emerald Green Marble Coffee Table","Screenshot 2026-03-19 133035.png"
"3 Sphere Balls Table","Emerald Green Marble Coffee Table","Screenshot 2026-03-19 133132.png"
"3 Sphere Balls Table","Emerald Green Marble Coffee Table","Screenshot 2026-03-19 133611.png"
"3 Sphere Balls Table","Lava Oro Spherical Base Table","Gemini_Generated_Image_3eoh6j3eoh6j3eoh.png"
"3 Sphere Balls Table","Lava Oro Spherical Base Table","Gemini_Generated_Image_a9zkjna9zkjna9zk.png"
"3 Sphere Balls Table","Lava Oro Spherical Base Table","Gemini_Generated_Image_flsi1vflsi1vflsi.png"
"3 Sphere Balls Table","Lava Oro Spherical Base Table","Gemini_Generated_Image_fvdc5wfvdc5wfvdc.png"
"3 Sphere Balls Table","Lava Oro Spherical Base Table","Gemini_Generated_Image_y78xvy78xvy78xvy.png"
"3 Sphere Balls Table","Luxury Katni Pink Marble Coffee Table","Gemini_Generated_Image_bshyaobshyaobshy.png"
"3 Sphere Balls Table","Luxury Katni Pink Marble Coffee Table","Gemini_Generated_Image_d0frfld0frfld0fr.png"
"3 Sphere Balls Table","Luxury Katni Pink Marble Coffee Table","Gemini_Generated_Image_qr3cdvqr3cdvqr3c.png"
"3 Sphere Balls Table","Luxury Katni Pink Marble Coffee Table","Screenshot 2026-03-19 163111.png"
"3 Sphere Balls Table","Luxury Katni Pink Marble Coffee Table","Screenshot 2026-03-19 163824.png"
"3 Sphere Balls Table","Luxury Katni Pink Marble Coffee Table","Screenshot 2026-03-19 164327.png"
"3 Sphere Balls Table","Panda White","Gemini_Generated_Image_f7it3nf7it3nf7it.png"
"3 Sphere Balls Table","Panda White","Gemini_Generated_Image_ir1l3iir1l3iir1l.png"
"3 Sphere Balls Table","Panda White","Gemini_Generated_Image_j0bwzhj0bwzhj0bw.png"
"3 Sphere Balls Table","Panda White","Gemini_Generated_Image_q813g0q813g0q813.png"
"3 Sphere Balls Table","Panda White","HS1TC013.webp"
"3 Sphere Balls Table","Panda White","Screenshot 2026-03-19 175715.png"
"Center Table","Beige Travertine Centre-Dinning Table","Gemini_Generated_Image_1ppqow1ppqow1ppq.png"
"Center Table","Beige Travertine Centre-Dinning Table","Gemini_Generated_Image_37nrs137nrs137nr.png"
"Center Table","Beige Travertine Centre-Dinning Table","Gemini_Generated_Image_4g7gid4g7gid4g7g.png"
"Center Table","Beige Travertine Centre-Dinning Table","Gemini_Generated_Image_77k4h377k4h377k4.png"
"Center Table","Beige Travertine Centre-Dinning Table","Gemini_Generated_Image_agrajuagrajuagra.png"
"Center Table","Beige Travertine Centre-Dinning Table","Gemini_Generated_Image_c4k3ztc4k3ztc4k3.png"
"Center Table","Beige Travertine Centre-Dinning Table","Gemini_Generated_Image_g521exg521exg521.png"
"Center Table","Beige Travertine Centre-Dinning Table","Gemini_Generated_Image_hg0aahg0aahg0aah.png"
"Center Table","Beige Travertine Centre-Dinning Table","Gemini_Generated_Image_us6ud9us6ud9us6u.png"
"Center Table","Beige Travertine Centre-Dinning Table","Gemini_Generated_Image_yuheoyyuheoyyuhe.png"
"Center Table","Black Marble Block","Gemini_Generated_Image_2bp02z2bp02z2bp0.png"
"Center Table","Black Marble Block","Gemini_Generated_Image_72wxl372wxl372wx.png"
"Center Table","Black Marble Block","Gemini_Generated_Image_ccwlzjccwlzjccwl.png"
"Center Table","Black Marble Block","Gemini_Generated_Image_r1l49sr1l49sr1l4.png"
"Center Table","Black Marble Block","Screenshot 2026-03-19 115903.png"
"Center Table","Black Marble Block","Screenshot 2026-03-19 115953.png"
"Center Table","Green Emerald Marble Block","Gemini_Generated_Image_22u73u22u73u22u7.png"
"Center Table","Green Emerald Marble Block","Gemini_Generated_Image_l95g81l95g81l95g.png"
"Center Table","Green Emerald Marble Block","Screenshot 2026-03-19 122100.png"
"Center Table","Green Emerald Marble Block","Screenshot 2026-03-19 122213.png"
"Center Table","Green Emerald Marble Block","Screenshot 2026-03-19 122314.png"
"Center Table","Green Marble Coffee Table","Gemini_Generated_Image_8jpgg18jpgg18jpg.png"
"Center Table","Green Marble Coffee Table","Gemini_Generated_Image_9do0799do0799do0.png"
"Center Table","Green Marble Coffee Table","Gemini_Generated_Image_l1vmbpl1vmbpl1vm.png"
"Center Table","Green Marble Coffee Table","Gemini_Generated_Image_njfe9xnjfe9xnjfe.png"
"Center Table","Green Marble Coffee Table","Screenshot 2026-03-19 160101.png"
"Center Table","Green Marble Coffee Table","Screenshot 2026-03-19 160237.png"
"Center Table","Green Marble Coffee Table","Screenshot 2026-03-19 160357.png"
"Center Table","Marble Nesting Coffee Table Set","Gemini_Generated_Image_bxxvtsbxxvtsbxxv.png"
"Center Table","Marble Nesting Coffee Table Set","Gemini_Generated_Image_dfb2mndfb2mndfb2.png"
"Center Table","Marble Nesting Coffee Table Set","Gemini_Generated_Image_dkywo9dkywo9dkyw.png"
"Center Table","Marble Nesting Coffee Table Set","Gemini_Generated_Image_ivrezrivrezrivre.png"
"Center Table","Marble Nesting Coffee Table Set","Gemini_Generated_Image_zcmyhczcmyhczcmy.png"
"Center Table","Marble Nesting Coffee Table Set","Screenshot 2026-03-19 173647.png"
"Center Table","Marble Nesting Coffee Table Set","Screenshot 2026-03-19 173907.png"
"Center Table","Marble Nesting Coffee Table Set","Screenshot 2026-03-19 174102.png"
"Center Table","Natural Marble Pebble Cluster","Gemini_Generated_Image_3e3bjs3e3bjs3e3b.png"
"Center Table","Natural Marble Pebble Cluster","Gemini_Generated_Image_k139ggk139ggk139.png"
"Center Table","Natural Marble Pebble Cluster","Gemini_Generated_Image_kanbsukanbsukanb.png"
"Center Table","Natural Marble Pebble Cluster","Gemini_Generated_Image_wwe591wwe591wwe5.png"
"Center Table","Natural Marble Pebble Cluster","HS1TC0011.webp"
"Center Table","Natural Marble Pebble Cluster","Screenshot 2026-03-19 170834.png"
"Center Table","Polished Travertine Coffee Table With Planter","Gemini_Generated_Image_8slmp18slmp18slm.png"
"Center Table","Polished Travertine Coffee Table With Planter","Gemini_Generated_Image_b1pzlb1pzlb1pzlb.png"
"Center Table","Polished Travertine Coffee Table With Planter","Gemini_Generated_Image_d8mppad8mppad8mp.png"
"Center Table","Polished Travertine Coffee Table With Planter","Gemini_Generated_Image_fy2dcofy2dcofy2d.png"
"Center Table","Polished Travertine Coffee Table With Planter","Gemini_Generated_Image_jyzw8bjyzw8bjyzw.png"
"Center Table","Statuario Oval Shaped","Gemini_Generated_Image_5ny9h95ny9h95ny9.png"
"Center Table","Statuario Oval Shaped","Gemini_Generated_Image_vovdf2vovdf2vovd.png"
"Center Table","Statuario Oval Shaped","HS1TCO025.webp"
"Center Table","Statuario Oval Shaped","Screenshot 2026-03-19 130926.png"
"Center Table","Statuario Oval Shaped","Screenshot 2026-03-19 131333.png"
"Center Table","White Marble Coffee Table","Gemini_Generated_Image_2h62ug2h62ug2h62.png"
"Center Table","White Marble Coffee Table","Gemini_Generated_Image_vaxodrvaxodrvaxo.png"
"Center Table","White Marble Coffee Table","Gemini_Generated_Image_veoa50veoa50veoa.png"
"Center Table","White Marble Coffee Table","Gemini_Generated_Image_xatxnexatxnexatx.png"
"Center Table","White Marble Coffee Table","Gemini_Generated_Image_z45ul7z45ul7z45u.png"
"Console Tables","Banswara White Marble Console Table","Gemini_Generated_Image_3l0zrj3l0zrj3l0z.png"
"Console Tables","Banswara White Marble Console Table","Gemini_Generated_Image_7gki5y7gki5y7gki.png"
"Console Tables","Banswara White Marble Console Table","Gemini_Generated_Image_fs8kmjfs8kmjfs8k.png"
"Console Tables","Banswara White Marble Console Table","Gemini_Generated_Image_m1c1xfm1c1xfm1c1.png"
"Console Tables","Banswara White Marble Console Table","Gemini_Generated_Image_wadn6ewadn6ewadn.png"
"Console Tables","Cappuccino Brown Marble Console Table","Gemini_Generated_Image_1chpoh1chpoh1chp.png"
"Console Tables","Cappuccino Brown Marble Console Table","Gemini_Generated_Image_2icqkh2icqkh2icq.png"
"Console Tables","Cappuccino Brown Marble Console Table","Gemini_Generated_Image_5y0d8d5y0d8d5y0d.png"
"Console Tables","Cappuccino Brown Marble Console Table","Gemini_Generated_Image_c1hpm9c1hpm9c1hp.png"
"Console Tables","Cappuccino Brown Marble Console Table","Gemini_Generated_Image_fxmgm6fxmgm6fxmg.png"
"Console Tables","Cappuccino Brown Marble Console Table","Gemini_Generated_Image_odq8stodq8stodq8.png"
"Console Tables","Exotic White Marble Arch Console Table","Gemini_Generated_Image_2mrxze2mrxze2mrx.png"
"Console Tables","Exotic White Marble Arch Console Table","Gemini_Generated_Image_592e33592e33592e.png"
"Console Tables","Exotic White Marble Arch Console Table","Gemini_Generated_Image_78jmz778jmz778jm.png"
"Console Tables","Exotic White Marble Arch Console Table","Gemini_Generated_Image_cq782acq782acq78.png"
"Console Tables","Exotic White Marble Arch Console Table","Gemini_Generated_Image_mnnvwmmnnvwmmnnv.png"
"Console Tables","Green Marble Console Table","Gemini_Generated_Image_1y2xhw1y2xhw1y2x.png"
"Console Tables","Green Marble Console Table","Gemini_Generated_Image_7qvvcx7qvvcx7qvv.png"
"Console Tables","Green Marble Console Table","Gemini_Generated_Image_hpfq6shpfq6shpfq.png"
"Console Tables","Green Marble Console Table","Gemini_Generated_Image_mgnoyymgnoyymgno.png"
"Console Tables","Green Marble Console Table","Gemini_Generated_Image_z0cxjwz0cxjwz0cx.png"
"Console Tables","Green Marble Entryway Console Table","Gemini_Generated_Image_3jmel43jmel43jme.png"
"Console Tables","Green Marble Entryway Console Table","Gemini_Generated_Image_4qiw324qiw324qiw.png"
"Console Tables","Green Marble Entryway Console Table","Gemini_Generated_Image_a2ih16a2ih16a2ih.png"
"Console Tables","Green Marble Entryway Console Table","Gemini_Generated_Image_lnfshflnfshflnfs.png"
"Console Tables","Green Marble Entryway Console Table","Gemini_Generated_Image_w61cusw61cusw61c.png"
"Console Tables","Green Marble Polished Console Table","Gemini_Generated_Image_188ss1188ss1188s.png"
"Console Tables","Green Marble Polished Console Table","Gemini_Generated_Image_1encq31encq31enc.png"
"Console Tables","Green Marble Polished Console Table","Gemini_Generated_Image_elz0y4elz0y4elz0.png"
"Console Tables","Green Marble Polished Console Table","Gemini_Generated_Image_k3wz5pk3wz5pk3wz.png"
"Console Tables","Green Marble Polished Console Table","Gemini_Generated_Image_rlilb7rlilb7rlil.png"
"Console Tables","Handcrafted Banswara White Marble Console Table","Gemini_Generated_Image_4cn96m4cn96m4cn9.png"
"Console Tables","Handcrafted Banswara White Marble Console Table","Gemini_Generated_Image_5klhwc5klhwc5klh.png"
"Console Tables","Handcrafted Banswara White Marble Console Table","Gemini_Generated_Image_qab80pqab80pqab8.png"
"Console Tables","Handcrafted Banswara White Marble Console Table","Gemini_Generated_Image_u6lbx5u6lbx5u6lb.png"
"Console Tables","Handcrafted Banswara White Marble Console Table","Gemini_Generated_Image_vz7opvz7opvz7opv.png"
"Console Tables","Handcrafted Exotic White Marble Console Table","Gemini_Generated_Image_5z6ngr5z6ngr5z6n.png"
"Console Tables","Handcrafted Exotic White Marble Console Table","Gemini_Generated_Image_al7oagal7oagal7o.png"
"Console Tables","Handcrafted Exotic White Marble Console Table","Gemini_Generated_Image_bukyyebukyyebuky.png"
"Console Tables","Handcrafted Exotic White Marble Console Table","Gemini_Generated_Image_cj9pqtcj9pqtcj9p.png"
"Console Tables","Handcrafted Exotic White Marble Console Table","Gemini_Generated_Image_jnmzd9jnmzd9jnmz.png"
"Console Tables","Handcrafted Marine Black Marble Console Table","Gemini_Generated_Image_5o1myd5o1myd5o1m.png"
"Console Tables","Handcrafted Marine Black Marble Console Table","Gemini_Generated_Image_7fdig47fdig47fdi.png"
"Console Tables","Handcrafted Marine Black Marble Console Table","Gemini_Generated_Image_86ntmv86ntmv86nt.png"
"Console Tables","Handcrafted Marine Black Marble Console Table","Gemini_Generated_Image_ccljyxccljyxcclj.png"
"Console Tables","Handcrafted Marine Black Marble Console Table","Gemini_Generated_Image_x212r7x212r7x212.png"
"Console Tables","Modern Sculptural Marble Console Table","Gemini_Generated_Image_1eezs51eezs51eez.png"
"Console Tables","Modern Sculptural Marble Console Table","Gemini_Generated_Image_5b0rni5b0rni5b0r.png"
"Console Tables","Modern Sculptural Marble Console Table","Gemini_Generated_Image_kvd3wjkvd3wjkvd3.png"
"Console Tables","Modern Sculptural Marble Console Table","Gemini_Generated_Image_n2isrnn2isrnn2is.png"
"Console Tables","Modern Sculptural Marble Console Table","Gemini_Generated_Image_r0r1xnr0r1xnr0r1.png"
"Console Tables","Modern Sculptural Marble Console Table","Gemini_Generated_Image_wlhfgbwlhfgbwlhf.png"
"Console Tables","Travertine Stone Arch Console Table","Gemini_Generated_Image_fti680fti680fti6.png"
"Console Tables","Travertine Stone Arch Console Table","Gemini_Generated_Image_med6l8med6l8med6.png"
"Console Tables","Travertine Stone Arch Console Table","Gemini_Generated_Image_or85suor85suor85.png"
"Console Tables","Travertine Stone Arch Console Table","Gemini_Generated_Image_ozmfl1ozmfl1ozmf.png"
"Console Tables","Travertine Stone Arch Console Table","Gemini_Generated_Image_spkrmpspkrmpspkr.png"
"Console Tables","Travertine Stone Console Table","Gemini_Generated_Image_a3csu2a3csu2a3cs.png"
"Console Tables","Travertine Stone Console Table","Gemini_Generated_Image_dfdlrydfdlrydfdl.png"
"Console Tables","Travertine Stone Console Table","Gemini_Generated_Image_fzrh9cfzrh9cfzrh.png"
"Console Tables","Travertine Stone Console Table","Gemini_Generated_Image_iwax0oiwax0oiwax.png"
"Console Tables","Travertine Stone Console Table","Gemini_Generated_Image_z9qs64z9qs64z9qs.png"
"Console Tables","White Marble Console Table With Metal Legs","Gemini_Generated_Image_131jgc131jgc131j.png"
"Console Tables","White Marble Console Table With Metal Legs","Gemini_Generated_Image_cof57ncof57ncof5.png"
"Console Tables","White Marble Console Table With Metal Legs","Gemini_Generated_Image_h31g9zh31g9zh31g.png"
"Console Tables","White Marble Console Table With Metal Legs","Gemini_Generated_Image_m0mwo6m0mwo6m0mw.png"
"Console Tables","White Marble Console Table With Metal Legs","Gemini_Generated_Image_r5n43ur5n43ur5n4.png"
"Lamps","Aurora Marble Table Lamp","Gemini_Generated_Image_7cvwcb7cvwcb7cvw.png"
"Lamps","Aurora Marble Table Lamp","Gemini_Generated_Image_dofr7gdofr7gdofr.png"
"Lamps","Aurora Marble Table Lamp","Gemini_Generated_Image_odlvmzodlvmzodlv.png"
"Lamps","Aurora Marble Table Lamp","Gemini_Generated_Image_olfsw7olfsw7olfs.png"
"Pedestal Wash Basins","Cylindrical Gear Cut Marble","Gemini_Generated_Image_a6lnhoa6lnhoa6ln.png"
"Pedestal Wash Basins","Cylindrical Gear Cut Marble","Gemini_Generated_Image_ocxk3zocxk3zocxk.png"
"Pedestal Wash Basins","Cylindrical Gear Cut Marble","Gemini_Generated_Image_qsgku2qsgku2qsgk.png"
"Pedestal Wash Basins","Cylindrical Gear Cut Marble","Gemini_Generated_Image_svqp6msvqp6msvqp.png"
"Pedestal Wash Basins","Cylindrical Gear Cut Marble","Gemini_Generated_Image_yr9q9zyr9q9zyr9q.png"
"Pedestal Wash Basins","Italic Brown Cylindrical Shaped","Gemini_Generated_Image_3ww583ww583ww583.png"
"Pedestal Wash Basins","Italic Brown Cylindrical Shaped","Gemini_Generated_Image_ejdj6ejdj6ejdj6e.png"
"Pedestal Wash Basins","Italic Brown Cylindrical Shaped","Gemini_Generated_Image_ety8dfety8dfety8.png"
"Pedestal Wash Basins","Italic Brown Cylindrical Shaped","Gemini_Generated_Image_kv9ag3kv9ag3kv9a.png"
"Pedestal Wash Basins","Italic Brown Cylindrical Shaped","Gemini_Generated_Image_xb99lpxb99lpxb99.png"
"Pedestal Wash Basins","Makrana White Square Carved","Gemini_Generated_Image_d1mghjd1mghjd1mg.png"
"Pedestal Wash Basins","Makrana White Square Carved","Gemini_Generated_Image_kyt4sxkyt4sxkyt4.png"
"Pedestal Wash Basins","Makrana White Square Carved","Gemini_Generated_Image_mspynwmspynwmspy.png"
"Pedestal Wash Basins","Makrana White Square Carved","Gemini_Generated_Image_tr1n9htr1n9htr1n.png"
"Pedestal Wash Basins","Makrana White Square Carved","Gemini_Generated_Image_zdjqdczdjqdczdjq.png"
"Pedestal Wash Basins","Striped White Marble Pedestal Sink","Gemini_Generated_Image_2ww4x52ww4x52ww4.png"
"Pedestal Wash Basins","Striped White Marble Pedestal Sink","Gemini_Generated_Image_keohoikeohoikeoh.png"
"Pedestal Wash Basins","Striped White Marble Pedestal Sink","Gemini_Generated_Image_p2739ap2739ap273.png"
"Pedestal Wash Basins","Striped White Marble Pedestal Sink","Gemini_Generated_Image_ywgn8iywgn8iywgn.png"
"Pedestal Wash Basins","Striped White Marble Pedestal Sink","Gemini_Generated_Image_z50rq5z50rq5z50r.png"
"Pedestal Wash Basins","Wide Bowl Forest Green Marble","Gemini_Generated_Image_7thvmz7thvmz7thv.png"
"Pedestal Wash Basins","Wide Bowl Forest Green Marble","Gemini_Generated_Image_hnoq0ohnoq0ohnoq.png"
"Pedestal Wash Basins","Wide Bowl Forest Green Marble","Gemini_Generated_Image_jeyesjeyesjeyesj.png"
"Pedestal Wash Basins","Wide Bowl Forest Green Marble","Gemini_Generated_Image_jt3e73jt3e73jt3e.png"
"Pedestal Wash Basins","Wide Bowl Forest Green Marble","Gemini_Generated_Image_trkxvotrkxvotrkx.png"
"Side Tables","Ashby Round Side Table","Gemini_Generated_Image_3z18063z18063z18.png"
"Side Tables","Ashby Round Side Table","Gemini_Generated_Image_elkgcfelkgcfelkg.png"
"Side Tables","Ashby Round Side Table","Gemini_Generated_Image_et54ytet54ytet54.png"
"Side Tables","Ashby Round Side Table","Gemini_Generated_Image_n31oz5n31oz5n31o.png"
"Side Tables","Ashby Round Side Table","Gemini_Generated_Image_nbmulinbmulinbmu.png"
"Side Tables","Banswara White Marble Side Table","Screenshot 2026-03-25 125817.png"
"Side Tables","Banswara White Marble Side Table","Screenshot 2026-03-25 130001.png"
"Side Tables","Banswara White Marble Side Table","Screenshot 2026-03-25 130117.png"
"Side Tables","Banswara White Marble Side Table","Screenshot 2026-03-25 130459.png"
"Side Tables","Banswara White Marble Side Table","Screenshot 2026-03-25 130644.png"
"Side Tables","Beige Travertine Curved Round","Gemini_Generated_Image_2x4xmg2x4xmg2x4x.png"
"Side Tables","Beige Travertine Curved Round","Gemini_Generated_Image_3o26hx3o26hx3o26.png"
"Side Tables","Beige Travertine Curved Round","Gemini_Generated_Image_abipztabipztabip.png"
"Side Tables","Beige Travertine Curved Round","Gemini_Generated_Image_jcr8sgjcr8sgjcr8.png"
"Side Tables","Beige Travertine Curved Round","Gemini_Generated_Image_pagsygpagsygpags.png"
"Side Tables","Black And White Marble Cube Table","Gemini_Generated_Image_36hn2736hn2736hn.png"
"Side Tables","Black And White Marble Cube Table","Gemini_Generated_Image_5l6ctx5l6ctx5l6c.png"
"Side Tables","Black And White Marble Cube Table","Gemini_Generated_Image_kmf496kmf496kmf4.png"
"Side Tables","Black And White Marble Cube Table","Gemini_Generated_Image_oaan3xoaan3xoaan.png"
"Side Tables","Black And White Marble Cube Table","Gemini_Generated_Image_pm4l3rpm4l3rpm4l.png"
"Side Tables","Black Marble Side Table","Gemini_Generated_Image_1fdjpe1fdjpe1fdj.png"
"Side Tables","Black Marble Side Table","Gemini_Generated_Image_hhoksahhoksahhok.png"
"Side Tables","Black Marble Side Table","Gemini_Generated_Image_nbxm9anbxm9anbxm.png"
"Side Tables","Black Marble Side Table","Gemini_Generated_Image_s4npwzs4npwzs4np.png"
"Side Tables","Black Marble Side Table","Gemini_Generated_Image_vdebn4vdebn4vdeb.png"
"Side Tables","Fantasy Brown Marble Side Table","Gemini_Generated_Image_cex6l2cex6l2cex6.png"
"Side Tables","Fantasy Brown Marble Side Table","Gemini_Generated_Image_hhrlsahhrlsahhrl.png"
"Side Tables","Fantasy Brown Marble Side Table","Gemini_Generated_Image_pepy6hpepy6hpepy.png"
"Side Tables","Fantasy Brown Marble Side Table","Gemini_Generated_Image_w46zkpw46zkpw46z.png"
"Side Tables","Fantasy Brown Marble Side Table","Gemini_Generated_Image_xa4ve0xa4ve0xa4v.png"
"Side Tables","Green Marble Side Table","Gemini_Generated_Image_54io0x54io0x54io.png"
"Side Tables","Green Marble Side Table","Gemini_Generated_Image_hc6zjqhc6zjqhc6z.png"
"Side Tables","Green Marble Side Table","Gemini_Generated_Image_imowofimowofimow.png"
"Side Tables","Green Marble Side Table","Gemini_Generated_Image_l7zpm4l7zpm4l7zp.png"
"Side Tables","Green Marble Side Table","Gemini_Generated_Image_t9rjryt9rjryt9rj.png"
"Side Tables","Luxury Polished Black Marble Side Table","Gemini_Generated_Image_7b76qq7b76qq7b76.png"
"Side Tables","Luxury Polished Black Marble Side Table","Gemini_Generated_Image_9coqgr9coqgr9coq.png"
"Side Tables","Luxury Polished Black Marble Side Table","Gemini_Generated_Image_gfn9vxgfn9vxgfn9.png"
"Side Tables","Luxury Polished Black Marble Side Table","Gemini_Generated_Image_nebk9tnebk9tnebk.png"
"Side Tables","Luxury Polished Black Marble Side Table","Gemini_Generated_Image_r8adqbr8adqbr8ad.png"
"Side Tables","Marine Black Marble Side Table","Gemini_Generated_Image_moj2fumoj2fumoj2.png"
"Side Tables","Marine Black Marble Side Table","Screenshot 2026-03-25 161218.png"
"Side Tables","Marine Black Marble Side Table","Screenshot 2026-03-25 161323.png"
"Side Tables","Marine Black Marble Side Table","Screenshot 2026-03-25 161616.png"
"Side Tables","Marine Black Marble Side Table","Screenshot 2026-03-25 161718.png"
"Side Tables","Marine Black Stone Side Table","Screenshot 2026-03-25 164038.png"
"Side Tables","Marine Black Stone Side Table","Screenshot 2026-03-25 164100.png"
"Side Tables","Marine Black Stone Side Table","Screenshot 2026-03-25 164145.png"
"Side Tables","Marine Black Stone Side Table","Screenshot 2026-03-25 164242.png"
"Side Tables","Marine Black Stone Side Table","Screenshot 2026-03-25 164325.png"
"Side Tables","Mint Sandstone Side Table","Screenshot 2026-03-25 162559.png"
"Side Tables","Mint Sandstone Side Table","Screenshot 2026-03-25 162700.png"
"Side Tables","Mint Sandstone Side Table","Screenshot 2026-03-25 162747.png"
"Side Tables","Mint Sandstone Side Table","Screenshot 2026-03-25 162902.png"
"Side Tables","Mint Sandstone Side Table","Screenshot 2026-03-25 162953.png"
"Side Tables","Osaka Beige Travertine","Screenshot 2026-03-25 164927.png"
"Side Tables","Osaka Beige Travertine","Screenshot 2026-03-25 165026.png"
"Side Tables","Osaka Beige Travertine","Screenshot 2026-03-25 165110.png"
"Side Tables","Osaka Beige Travertine","Screenshot 2026-03-25 165529.png"
"Side Tables","Osaka Beige Travertine","Screenshot 2026-03-25 165754.png"
"Side Tables","Panda White Marble Side Table","Screenshot 2026-03-25 171430.png"
"Side Tables","Panda White Marble Side Table","Screenshot 2026-03-25 171623.png"
"Side Tables","Panda White Marble Side Table","Screenshot 2026-03-25 171710.png"
"Side Tables","Panda White Marble Side Table","Screenshot 2026-03-25 171800.png"
"Side Tables","Panda White Marble Side Table","Screenshot 2026-03-25 171910.png"
"Side Tables","Polished Modern Luxury Stone Side Table","Screenshot 2026-03-25 170208.png"
"Side Tables","Polished Modern Luxury Stone Side Table","Screenshot 2026-03-25 170254.png"
"Side Tables","Polished Modern Luxury Stone Side Table","Screenshot 2026-03-25 170357.png"
"Side Tables","Polished Modern Luxury Stone Side Table","Screenshot 2026-03-25 170502.png"
"Side Tables","Polished Modern Luxury Stone Side Table","Screenshot 2026-03-25 170514.png"
"Side Tables","Spider Green Beige Designer","Screenshot 2026-03-25 174009.png"
"Side Tables","Spider Green Beige Designer","Screenshot 2026-03-25 174101.png"
"Side Tables","Spider Green Beige Designer","Screenshot 2026-03-25 174154.png"
"Side Tables","Spider Green Beige Designer","Screenshot 2026-03-25 174321.png"
"Side Tables","Spider Green Beige Designer","Screenshot 2026-03-25 174603.png"
"Side Tables","Statuario Block Leg Rounded","Gemini_Generated_Image_kormydkormydkorm.png"
"Side Tables","Statuario Block Leg Rounded","Screenshot 2026-03-19 125218.png"
"Side Tables","Statuario Block Leg Rounded","Screenshot 2026-03-19 125550.png"
"Side Tables","Statuario Block Leg Rounded","Screenshot 2026-03-19 125825.png"
"Side Tables","Statuario Block Leg Rounded","Screenshot 2026-03-19 125916.png"
"Side Tables","Travertine Stone Side Table","Screenshot 2026-03-25 175100.png"
"Side Tables","Travertine Stone Side Table","Screenshot 2026-03-25 175434.png"
"Side Tables","Travertine Stone Side Table","Screenshot 2026-03-25 175524.png"
"Side Tables","Travertine Stone Side Table","Screenshot 2026-03-25 175620.png"
"Side Tables","Travertine Stone Side Table","Screenshot 2026-03-25 175718.png"
"Side Tables","Vondel Side Table","Screenshot 2026-03-25 180215.png"
"Side Tables","Vondel Side Table","Screenshot 2026-03-25 180513.png"
"Side Tables","Vondel Side Table","Screenshot 2026-03-25 180600.png"
"Side Tables","Vondel Side Table","Screenshot 2026-03-25 180655.png"
"Side Tables","Vondel Side Table","Screenshot 2026-03-25 180756.png"
"Side Tables","White Cluster Bullet","Gemini_Generated_Image_1tu1541tu1541tu1.png"
"Side Tables","White Cluster Bullet","Gemini_Generated_Image_59bg9o59bg9o59bg.png"
"Side Tables","White Cluster Bullet","Gemini_Generated_Image_72oibe72oibe72oi.png"
"Side Tables","White Cluster Bullet","Gemini_Generated_Image_lizo4rlizo4rlizo.png"
"Side Tables","White Cluster Bullet","Gemini_Generated_Image_lptt7mlptt7mlptt.png"
"Side Tables","White Cluster Bullet","Gemini_Generated_Image_sudocksudocksudo.png"
"Side Tables","White Cylindrical Cluster","Screenshot 2026-03-25 181328.png"
"Side Tables","White Cylindrical Cluster","Screenshot 2026-03-25 181427.png"
"Side Tables","White Cylindrical Cluster","Screenshot 2026-03-25 181544.png"
"Side Tables","White Cylindrical Cluster","Screenshot 2026-03-25 181820.png"
"Side Tables","White Cylindrical Cluster","Screenshot 2026-03-25 181937.png"
"Side Tables","White Marble Side Table","Screenshot 2026-03-25 182701.png"
"Side Tables","White Marble Side Table","Screenshot 2026-03-25 182713.png"
"Side Tables","White Marble Side Table","Screenshot 2026-03-25 182813.png"
"Side Tables","White Marble Side Table","Screenshot 2026-03-25 182936.png"
"Side Tables","White Marble Side Table","Screenshot 2026-03-25 183048.png"
"Wash Basins","Albeta Marble","Gemini_Generated_Image_6mtr4t6mtr4t6mtr.png"
"Wash Basins","Albeta Marble","Gemini_Generated_Image_a6qjp8a6qjp8a6qj.png"
"Wash Basins","Albeta Marble","Gemini_Generated_Image_dmdiyvdmdiyvdmdi.png"
"Wash Basins","Albeta Marble","Gemini_Generated_Image_hxouzwhxouzwhxou.png"
"Wash Basins","Albeta Marble","Gemini_Generated_Image_i2e016i2e016i2e0.png"
"Wash Basins","Amazon Green","Gemini_Generated_Image_4l12hw4l12hw4l12.png"
"Wash Basins","Amazon Green","Gemini_Generated_Image_60030r60030r6003.png"
"Wash Basins","Amazon Green","Gemini_Generated_Image_atbesatbesatbesa.png"
"Wash Basins","Amazon Green","Gemini_Generated_Image_oqp3wkoqp3wkoqp3.png"
"Wash Basins","Amazon Green","Gemini_Generated_Image_uzbv53uzbv53uzbv.png"
"Wash Basins","Bidasar Beige","Gemini_Generated_Image_270re0270re0270r.png"
"Wash Basins","Bidasar Beige","Gemini_Generated_Image_fhb5hnfhb5hnfhb5.png"
"Wash Basins","Bidasar Beige","Gemini_Generated_Image_mukr17mukr17mukr.png"
"Wash Basins","Bidasar Beige","Gemini_Generated_Image_rwjg3nrwjg3nrwjg.png"
"Wash Basins","Bidasar Beige","Gemini_Generated_Image_yh7keiyh7keiyh7k.png"
"Wash Basins","Decorative Carved Stone","Gemini_Generated_Image_3qp8ms3qp8ms3qp8.png"
"Wash Basins","Decorative Carved Stone","Gemini_Generated_Image_afr95eafr95eafr9.png"
"Wash Basins","Decorative Carved Stone","Gemini_Generated_Image_hoj0xphoj0xphoj0.png"
"Wash Basins","Decorative Carved Stone","Gemini_Generated_Image_ndtiwondtiwondti.png"
"Wash Basins","Decorative Carved Stone","Gemini_Generated_Image_p6qe8bp6qe8bp6qe.png"
"Wash Basins","Forest Green Marble Countertop","Gemini_Generated_Image_765mf1765mf1765m.png"
"Wash Basins","Forest Green Marble Countertop","Gemini_Generated_Image_7ugz2n7ugz2n7ugz.png"
"Wash Basins","Forest Green Marble Countertop","Gemini_Generated_Image_fso2q5fso2q5fso2.png"
"Wash Basins","Forest Green Marble Countertop","Gemini_Generated_Image_rxqeehrxqeehrxqe.png"
"Wash Basins","Forest Green Marble Countertop","Gemini_Generated_Image_v0owtjv0owtjv0ow.png"
"Wash Basins","Green Marble Vessel Sink","Gemini_Generated_Image_h6qko7h6qko7h6qk.png"
"Wash Basins","Green Marble Vessel Sink","Gemini_Generated_Image_k4c2x6k4c2x6k4c2.png"
"Wash Basins","Green Marble Vessel Sink","Gemini_Generated_Image_rokd0frokd0frokd.png"
"Wash Basins","Green Marble Vessel Sink","Gemini_Generated_Image_wd1r9zwd1r9zwd1r.png"
"Wash Basins","Green Marble Vessel Sink","Gemini_Generated_Image_yifm99yifm99yifm.png"
"Wash Basins","Hand Carved Marble Lotus Flower","Gemini_Generated_Image_6slj5t6slj5t6slj.png"
"Wash Basins","Hand Carved Marble Lotus Flower","Gemini_Generated_Image_77o2w977o2w977o2.png"
"Wash Basins","Hand Carved Marble Lotus Flower","Gemini_Generated_Image_cal7zkcal7zkcal7.png"
"Wash Basins","Hand Carved Marble Lotus Flower","Gemini_Generated_Image_dwltzdwltzdwltzd.png"
"Wash Basins","Hand Carved Marble Lotus Flower","Gemini_Generated_Image_srbe0tsrbe0tsrbe.png"
"Wash Basins","Handcrafted Makrana White Marble Fluted Countertop","Gemini_Generated_Image_as7tnlas7tnlas7t.png"
"Wash Basins","Handcrafted Makrana White Marble Fluted Countertop","Gemini_Generated_Image_jzv95mjzv95mjzv9.png"
"Wash Basins","Handcrafted Makrana White Marble Fluted Countertop","Gemini_Generated_Image_sr6v8csr6v8csr6v.png"
"Wash Basins","Handcrafted Makrana White Marble Fluted Countertop","Gemini_Generated_Image_xduvnbxduvnbxduv.png"
"Wash Basins","Handcrafted Makrana White Marble Fluted Countertop","Gemini_Generated_Image_y6im7oy6im7oy6im.png"
"Wash Basins","Ivory Natural Marble Countertop Sink","Gemini_Generated_Image_dd6sx7dd6sx7dd6s.png"
"Wash Basins","Ivory Natural Marble Countertop Sink","Gemini_Generated_Image_mjzk64mjzk64mjzk.png"
"Wash Basins","Ivory Natural Marble Countertop Sink","Gemini_Generated_Image_nptf8nnptf8nnptf.png"
"Wash Basins","Ivory Natural Marble Countertop Sink","Gemini_Generated_Image_s34bits34bits34b.png"
"Wash Basins","Ivory Natural Marble Countertop Sink","Gemini_Generated_Image_w9akskw9akskw9ak.png"
"Wash Basins","Kumari Grey Natural Stone Sink","Gemini_Generated_Image_5x519k5x519k5x51.png"
"Wash Basins","Kumari Grey Natural Stone Sink","Gemini_Generated_Image_cotgl2cotgl2cotg.png"
"Wash Basins","Kumari Grey Natural Stone Sink","Gemini_Generated_Image_e7vqnee7vqnee7vq.png"
"Wash Basins","Kumari Grey Natural Stone Sink","Gemini_Generated_Image_hj8lghj8lghj8lgh.png"
"Wash Basins","Kumari Grey Natural Stone Sink","Gemini_Generated_Image_jmdxvxjmdxvxjmdx.png"
"Wash Basins","Lotus Petal Floral Carved","Gemini_Generated_Image_2d8a892d8a892d8a.png"
"Wash Basins","Lotus Petal Floral Carved","Gemini_Generated_Image_7segrn7segrn7seg.png"
"Wash Basins","Lotus Petal Floral Carved","Gemini_Generated_Image_deuu62deuu62deuu.png"
"Wash Basins","Lotus Petal Floral Carved","Gemini_Generated_Image_rs9ci2rs9ci2rs9c.png"
"Wash Basins","Lotus Petal Floral Carved","Screenshot 2026-03-23 123543.png"
"Wash Basins","Makrana White Lotus Ribbed Petals","Gemini_Generated_Image_6jzz8g6jzz8g6jzz.png"
"Wash Basins","Makrana White Lotus Ribbed Petals","Gemini_Generated_Image_a4qy1a4qy1a4qy1a.png"
"Wash Basins","Makrana White Lotus Ribbed Petals","Gemini_Generated_Image_cp3jtjcp3jtjcp3j.png"
"Wash Basins","Makrana White Lotus Ribbed Petals","Gemini_Generated_Image_ojgsjiojgsjiojgs.png"
"Wash Basins","Makrana White Lotus Ribbed Petals","Gemini_Generated_Image_ywwrefywwrefywwr.png"
"Wash Basins","Multi Color Rectangular Flutted","Gemini_Generated_Image_5a8835a8835a8835.png"
"Wash Basins","Multi Color Rectangular Flutted","Gemini_Generated_Image_73pux673pux673pu.png"
"Wash Basins","Multi Color Rectangular Flutted","Gemini_Generated_Image_q9er55q9er55q9er.png"
"Wash Basins","Multi Color Rectangular Flutted","Gemini_Generated_Image_s9b644s9b644s9b6.png"
"Wash Basins","Multi Color Rectangular Flutted","Gemini_Generated_Image_yvpthyvpthyvpthy.png"
"Wash Basins","Nautilus Marble Sink","Gemini_Generated_Image_5obo785obo785obo.png"
"Wash Basins","Nautilus Marble Sink","Gemini_Generated_Image_96n31o96n31o96n3.png"
"Wash Basins","Nautilus Marble Sink","Gemini_Generated_Image_h9vpx7h9vpx7h9vp.png"
"Wash Basins","Nautilus Marble Sink","Gemini_Generated_Image_hvkjumhvkjumhvkj.png"
"Wash Basins","Nautilus Marble Sink","Gemini_Generated_Image_s8adl1s8adl1s8ad.png"
"Wash Basins","Panda White Marble Countertop","Gemini_Generated_Image_19pic119pic119pi.png"
"Wash Basins","Panda White Marble Countertop","Gemini_Generated_Image_7yl3ha7yl3ha7yl3.png"
"Wash Basins","Panda White Marble Countertop","Gemini_Generated_Image_spba48spba48spba.png"
"Wash Basins","Panda White Marble Countertop","Gemini_Generated_Image_ujl1w6ujl1w6ujl1.png"
"Wash Basins","Panda White Marble Countertop","Gemini_Generated_Image_zdm1lqzdm1lqzdm1.png"
"Wash Basins","Rosso Levanto Oval","Gemini_Generated_Image_ikea9vikea9vikea.png"
"Wash Basins","Rosso Levanto Oval","Gemini_Generated_Image_iv9047iv9047iv90.png"
"Wash Basins","Rosso Levanto Oval","Gemini_Generated_Image_ndcudandcudandcu.png"
"Wash Basins","Rosso Levanto Oval","Gemini_Generated_Image_wps6y3wps6y3wps6.png"
"Wash Basins","Rosso Levanto Oval","Gemini_Generated_Image_xau7zcxau7zcxau7.png"
"Wash Basins","Satvario Rounded Table Top","Gemini_Generated_Image_8ufa6x8ufa6x8ufa.png"
"Wash Basins","Satvario Rounded Table Top","Gemini_Generated_Image_9tvsk9tvsk9tvsk9.png"
"Wash Basins","Satvario Rounded Table Top","Gemini_Generated_Image_tijej2tijej2tije.png"
"Wash Basins","Satvario Rounded Table Top","Gemini_Generated_Image_ue586gue586gue58.png"
"Wash Basins","Satvario Rounded Table Top","Gemini_Generated_Image_xa457exa457exa45.png"
"Wash Basins","Satvario White Marble Countertop Sink","Gemini_Generated_Image_eesw5heesw5heesw.png"
"Wash Basins","Satvario White Marble Countertop Sink","Gemini_Generated_Image_m6q1nnm6q1nnm6q1.png"
"Wash Basins","Satvario White Marble Countertop Sink","Gemini_Generated_Image_my4ap9my4ap9my4a.png"
"Wash Basins","Satvario White Marble Countertop Sink","Gemini_Generated_Image_tautehtautehtaut.png"
"Wash Basins","Satvario White Marble Countertop Sink","Gemini_Generated_Image_z6grbhz6grbhz6gr.png"
"Wash Basins","White Marble Faceted Countertop","Gemini_Generated_Image_6nipqd6nipqd6nip.png"
"Wash Basins","White Marble Faceted Countertop","Gemini_Generated_Image_hrt07dhrt07dhrt0.png"
"Wash Basins","White Marble Faceted Countertop","Gemini_Generated_Image_mchl4qmchl4qmchl.png"
"Wash Basins","White Marble Faceted Countertop","Gemini_Generated_Image_n4sb6sn4sb6sn4sb.png"
"Wash Basins","White Marble Faceted Countertop","Gemini_Generated_Image_ydcs9gydcs9gydcs.png"
"Wash Basins","White Textured Marble Basin","Gemini_Generated_Image_71znf071znf071zn.png"
"Wash Basins","White Textured Marble Basin","Gemini_Generated_Image_9ivpgj9ivpgj9ivp.png"
"Wash Basins","White Textured Marble Basin","Gemini_Generated_Image_c9fz9ac9fz9ac9fz.png"
"Wash Basins","White Textured Marble Basin","Gemini_Generated_Image_e4wjm7e4wjm7e4wj.png"
"Wash Basins","White Textured Marble Basin","Gemini_Generated_Image_t1fhl2t1fhl2t1fh.png"
